task_id,specification,functional_oracle,public_reference_rtl,bounded_temporal_contract,persistence_temporal_contract,progress_or_liveness_contract,protocol_or_ordering_contract,temporal_contract_explicit,native_temporal_assertion_scoring,formal_temporal_scoring,finite_trace_temporal_scoring,reference_trace_scoring,synthesis_contract_explicit,equivalence_contract_explicit,synthesis_scoring,post_synthesis_behavior_scoring,formal_equivalence_scoring,temporal_contract_without_property_or_formal,progress_contract_without_formal,equivalence_contract_without_formal_equivalence,synthesis_contract_without_synthesis,manual_review,evidence
cvdp_copilot_16qam_mapper_0001,cvdp_copilot_16qam_mapper_0001:input.prompt,True,False,False,False,False,False,False,False,False,True,False,False,False,False,False,False,False,False,False,False,False,"('harness contains finite cycle/event-driven checks',)"
cvdp_copilot_16qam_mapper_0006,cvdp_copilot_16qam_mapper_0006:input.prompt,True,False,False,False,False,False,False,False,False,True,False,False,False,False,False,False,False,False,False,False,False,"('harness contains finite cycle/event-driven checks',)"
cvdp_copilot_32_bit_Brent_Kung_PP_adder_0001,cvdp_copilot_32_bit_Brent_Kung_PP_adder_0001:input.prompt,True,False,False,False,False,False,False,False,False,True,False,False,False,False,False,False,False,False,False,False,False,"('harness contains finite cycle/event-driven checks',)"
cvdp_copilot_64b66b_decoder_0001,cvdp_copilot_64b66b_decoder_0001:input.prompt,True,False,False,False,False,False,False,False,False,True,False,False,False,False,False,False,False,False,False,False,False,"('harness contains finite cycle/event-driven checks',)"
cvdp_copilot_64b66b_decoder_0011,cvdp_copilot_64b66b_decoder_0011:input.prompt,True,False,True,False,False,False,True,False,False,True,False,False,False,False,False,False,True,False,False,False,True,"('bounded temporal contract: …gs (`sync_error` and `decoder_error_out`). 4. Latency: - The module has a **1-cycle latency** for decoding and error checking. 5. Control Characters: - The mod…', 'harness contains finite cycle/event-driven checks')"
cvdp_copilot_64b66b_encoder_0001,cvdp_copilot_64b66b_encoder_0001:input.prompt,True,False,False,False,False,False,False,False,False,True,False,False,False,False,False,False,False,False,False,False,False,"('harness contains finite cycle/event-driven checks',)"
cvdp_copilot_64b66b_encoder_0005,cvdp_copilot_64b66b_encoder_0005:input.prompt,True,False,False,False,False,False,False,False,False,True,False,False,False,False,False,False,False,False,False,False,False,"('harness contains finite cycle/event-driven checks',)"
cvdp_copilot_64b66b_encoder_0009,cvdp_copilot_64b66b_encoder_0009:input.prompt,True,False,False,False,False,False,False,False,False,True,False,False,False,False,False,False,False,False,False,False,False,"('harness contains finite cycle/event-driven checks',)"
cvdp_copilot_64b66b_encoder_0022,cvdp_copilot_64b66b_encoder_0022:input.prompt,True,True,False,False,False,False,False,False,False,True,False,True,True,True,False,False,False,False,True,False,True,"('synthesis contract: …nchronization and **combinational logic** for encoding operations. Perform an **area optimization** by reducing the utilization of **cells** and **wires** while maintaining the…', 'equivalence contract: …ning the original functionality. Ensure that: - The optimized design retains **functional equivalence** with the original module. - All encoding conditions and control logic must…', 'synthesis scoring: …- Simulate # ---------------------------------------- def synth(): cmd = ""yosys -s /src/synth.tcl -l /code/rundir/synth.log"" return subprocess.run(cmd, she…', 'public reference RTL is present', 'harness contains finite cycle/event-driven checks')"
cvdp_copilot_8x3_priority_encoder_0001,cvdp_copilot_8x3_priority_encoder_0001:input.prompt,True,False,False,False,False,False,False,False,False,True,False,False,False,False,False,False,False,False,False,False,False,"('harness contains finite cycle/event-driven checks',)"
cvdp_copilot_8x3_priority_encoder_0013,cvdp_copilot_8x3_priority_encoder_0013:input.prompt,True,False,False,False,False,False,False,False,False,True,False,False,False,False,False,False,False,False,False,False,False,"('harness contains finite cycle/event-driven checks',)"
cvdp_copilot_Attenuator_0001,cvdp_copilot_Attenuator_0001:input.prompt,True,False,True,False,False,False,True,False,False,True,False,False,False,False,False,False,True,False,False,False,True,"('bounded temporal contract: …`ATTN_CLK` toggles high during each SHIFT cycle. - `ATTN_LE` pulses high for 1 cycle after all bits are shifted. #### **Example 2: No New Data** - **Input**: -…', 'harness contains finite cycle/event-driven checks')"
cvdp_copilot_Carry_Lookahead_Adder_0001,cvdp_copilot_Carry_Lookahead_Adder_0001:input.prompt,True,False,False,False,False,False,False,False,False,True,False,False,False,False,False,False,False,False,False,False,False,"('harness contains finite cycle/event-driven checks',)"
cvdp_copilot_Carry_Lookahead_Adder_0005,cvdp_copilot_Carry_Lookahead_Adder_0005:input.prompt,True,False,True,False,False,False,True,False,False,True,False,False,False,False,False,False,True,False,False,False,True,"('bounded temporal contract: …provided every clock cycle), the pipeline will produce new outputs every clock cycle after the initial 4-cycle delay. --- ### **Simulation Results for Carry Lookahead A…', 'harness contains finite cycle/event-driven checks')"
cvdp_copilot_FIR_0001,cvdp_copilot_FIR_0001:input.prompt,True,False,False,False,False,False,False,False,False,True,False,False,False,False,False,False,False,False,False,False,False,"('harness contains finite cycle/event-driven checks',)"
cvdp_copilot_FIR_0003,cvdp_copilot_FIR_0003:input.prompt,True,False,False,False,False,False,False,False,False,True,False,False,False,False,False,False,False,False,False,False,False,"('harness contains finite cycle/event-driven checks',)"
cvdp_copilot_GFCM_0001,cvdp_copilot_GFCM_0001:input.prompt,True,False,False,False,False,False,False,False,False,True,False,False,False,False,False,False,False,False,False,False,False,"('harness contains finite cycle/event-driven checks',)"
cvdp_copilot_GFCM_0003,cvdp_copilot_GFCM_0003:input.prompt,True,False,False,False,False,False,False,False,False,True,False,False,False,False,False,False,False,False,False,False,False,"('harness contains finite cycle/event-driven checks',)"
cvdp_copilot_IIR_filter_0019,cvdp_copilot_IIR_filter_0019:input.prompt,True,False,False,False,False,False,False,False,False,True,False,False,False,False,False,False,False,False,False,False,False,"('harness contains finite cycle/event-driven checks',)"
cvdp_copilot_MSHR_0001,cvdp_copilot_MSHR_0001:input.prompt,True,False,True,False,False,False,True,False,False,True,False,False,False,False,False,False,True,False,False,False,True,"('bounded temporal contract: …e design utilizes a single-port RAM to store MSHR entry data, featuring a write latency of 1 cycle and a read latency of 1 cycle. - This design should integrate seamlessly into a…', 'harness contains finite cycle/event-driven checks')"
cvdp_copilot_MSHR_0008,cvdp_copilot_MSHR_0008:input.prompt,True,False,True,False,False,False,True,False,False,True,False,False,False,False,False,False,True,False,False,False,True,"('bounded temporal contract: …**Single-Port RAM**: - Utilized to store MSHR entry data. - Write latency: 1 cycle. - Read operations: Combinational. ### Overview of Fill and Dequeue Operatio…', 'harness contains finite cycle/event-driven checks')"
cvdp_copilot_Serial_Line_Converter_0001,cvdp_copilot_Serial_Line_Converter_0001:input.prompt,True,False,False,False,False,False,False,False,False,True,False,False,False,False,False,False,False,False,False,False,False,"('harness contains finite cycle/event-driven checks',)"
cvdp_copilot_Serial_Line_Converter_0011,cvdp_copilot_Serial_Line_Converter_0011:input.prompt,True,False,False,False,False,False,False,False,False,True,False,False,False,False,False,False,False,False,False,False,False,"('harness contains finite cycle/event-driven checks',)"
cvdp_copilot_String_to_ASCII_0001,cvdp_copilot_String_to_ASCII_0001:input.prompt,True,False,True,False,False,False,True,False,False,True,False,False,False,False,False,False,True,False,False,False,True,"('bounded temporal contract: …out array should contain the ASCII values corresponding to all input characters within 1 clock cycle, and it should be reset to all zeros after processing is completed to ensure pr…', 'harness contains finite cycle/event-driven checks')"
cvdp_copilot_Synchronous_Muller_C_Element_0001,cvdp_copilot_Synchronous_Muller_C_Element_0001:input.prompt,True,False,False,False,False,False,False,False,False,True,False,False,False,False,False,False,False,False,False,False,False,"('harness contains finite cycle/event-driven checks',)"
cvdp_copilot_adc_data_rotate_0001,cvdp_copilot_adc_data_rotate_0001:input.prompt,True,False,False,False,False,False,False,False,False,True,False,False,False,False,False,False,False,False,False,False,False,"('harness contains finite cycle/event-driven checks',)"
cvdp_copilot_aes_key_expansion_0001,cvdp_copilot_aes_key_expansion_0001:input.prompt,True,True,False,False,False,False,False,False,False,True,False,True,True,True,False,False,False,False,True,False,True,"('synthesis contract: …ed into **11 round keys** (each consisting of four 32-bit words). Perform an **area optimization** where both combinational and sequential logic are updated. Ensure that:…', 'equivalence contract: …equential logic are updated. Ensure that: * The optimized design retains **functional equivalence** with the original module. * The module `sbox` must not be changed. * Th…', 'synthesis scoring: …- Simulate # ---------------------------------------- def synth(): cmd = ""yosys -s /src/synth.tcl -l /code/rundir/synth.log"" return subprocess.run(cmd, she…', 'public reference RTL is present', 'harness contains finite cycle/event-driven checks')"
cvdp_copilot_ahb_clk_counter_0001,cvdp_copilot_ahb_clk_counter_0001:input.prompt,True,False,False,False,False,False,False,False,False,True,False,False,False,False,False,False,False,False,False,False,False,"('harness contains finite cycle/event-driven checks',)"
cvdp_copilot_alphablending_0003,cvdp_copilot_alphablending_0003:input.prompt,True,False,False,False,False,False,False,False,False,True,True,False,False,False,False,False,False,False,False,False,False,"('harness contains finite cycle/event-driven checks', 'harness contains recognizable reference/scoreboard comparison')"
cvdp_copilot_apb_dsp_op_0002,cvdp_copilot_apb_dsp_op_0002:input.prompt,True,False,True,False,False,True,True,False,False,True,False,False,False,False,False,False,True,False,False,False,True,"(""bounded temporal contract: …emains low in this initial cycle. At this stage, PREADY is undefined. - In the following clock cycle, when PENABLE is asserted (1'b1), the slave must immediately assert PREADY (1'b…"", 'protocol/ordering contract: …owever, during testing, it was observed that the module fails to follow the APB handshake mechanism. Specifically, the PSLVERR should be asserted when an invalid APB add…', 'harness contains finite cycle/event-driven checks')"
cvdp_copilot_apb_dsp_unit_0001,cvdp_copilot_apb_dsp_unit_0001:input.prompt,True,False,False,False,False,False,False,False,False,True,False,False,False,False,False,False,False,False,False,False,False,"('harness contains finite cycle/event-driven checks',)"
cvdp_copilot_apb_gpio_0001,cvdp_copilot_apb_gpio_0001:input.prompt,True,False,False,False,False,False,False,False,False,True,False,False,False,False,False,False,False,False,False,False,False,"('harness contains finite cycle/event-driven checks',)"
cvdp_copilot_apb_gpio_0005,cvdp_copilot_apb_gpio_0005:input.prompt,True,False,False,False,False,False,False,False,False,True,False,False,False,False,False,False,False,False,False,False,False,"('harness contains finite cycle/event-driven checks',)"
cvdp_copilot_apb_history_shift_register_0001,cvdp_copilot_apb_history_shift_register_0001:input.prompt,True,False,False,False,False,False,False,False,False,True,False,False,False,False,False,False,False,False,False,False,False,"('harness contains finite cycle/event-driven checks',)"
cvdp_copilot_arithmetic_progression_generator_0003,cvdp_copilot_arithmetic_progression_generator_0003:input.prompt,True,False,True,False,False,False,True,False,False,True,False,False,False,False,False,False,True,False,False,False,True,"('bounded temporal contract: …equence generation begins when enable is high, and the output data is available after 1 clock cycle. If enable goes low during operation, the module should pause and resume sequen…', 'harness contains finite cycle/event-driven checks')"
cvdp_copilot_arithmetic_progression_generator_0015,cvdp_copilot_arithmetic_progression_generator_0015:input.prompt,True,False,False,False,False,False,False,False,False,True,False,False,False,False,False,False,False,False,False,False,False,"('harness contains finite cycle/event-driven checks',)"
cvdp_copilot_async_filo_0001,cvdp_copilot_async_filo_0001:input.prompt,True,False,False,False,False,False,False,False,False,True,False,False,False,False,False,False,False,False,False,False,False,"('harness contains finite cycle/event-driven checks',)"
cvdp_copilot_async_filo_0025,cvdp_copilot_async_filo_0025:input.prompt,True,False,False,False,False,False,False,False,False,True,False,True,False,True,False,False,False,False,False,False,True,"('synthesis contract: …w on the `async_filo` module, addressing the following issues to provide clean, synthesizable RTL code: - Multi-Driven Signal Issues Identify and resolve signals that…', 'synthesis scoring: …imulate # ---------------------------------------- def synth(): cmd = ""yosys -s /code/scripts/synth.tcl -l /code/rundir/synth.log"" return subprocess.ru…', 'harness contains finite cycle/event-driven checks')"
cvdp_copilot_axi_alu_0001,cvdp_copilot_axi_alu_0001:input.prompt,True,False,False,False,False,False,False,False,False,True,False,False,False,False,False,False,False,False,False,False,False,"('harness contains finite cycle/event-driven checks',)"
cvdp_copilot_axi_register_0001,cvdp_copilot_axi_register_0001:input.prompt,True,False,False,False,False,True,True,False,False,True,False,False,False,False,False,False,True,False,False,False,True,"('protocol/ordering contract: …operations. --- ## Design Specification ### AXI4-Lite Protocol Features - **Handshake Mechanism** Implements the AXI handshake protocol using valid and ready sig…', 'harness contains finite cycle/event-driven checks')"
cvdp_copilot_axi_stream_downscale_0001,cvdp_copilot_axi_stream_downscale_0001:input.prompt,True,False,False,False,False,False,False,False,False,True,False,True,False,False,False,False,False,False,False,True,True,"('synthesis contract: …ete the following SystemVerilog template. Ensure correctness, proper syntax and synthesizability. ``` module axis_resize ( input…', 'harness contains finite cycle/event-driven checks')"
cvdp_copilot_axi_stream_upscale_0001,cvdp_copilot_axi_stream_upscale_0001:input.prompt,True,False,False,False,False,False,False,False,False,True,False,False,False,False,False,False,False,False,False,False,False,"('harness contains finite cycle/event-driven checks',)"
cvdp_copilot_axi_tap_0001,cvdp_copilot_axi_tap_0001:input.prompt,True,False,False,False,False,True,True,False,False,True,False,False,False,False,False,False,True,False,False,False,True,"('protocol/ordering contract: …d acknowledged by the slave, and the response has been sent on the B channel. - Handshake is performed using `valid` and `ready` signals for each channel. A transaction…', 'harness contains finite cycle/event-driven checks')"
cvdp_copilot_axi_tap_0009,cvdp_copilot_axi_tap_0009:input.prompt,True,False,True,True,False,True,True,False,False,True,False,False,False,False,False,False,True,False,False,False,True,"('bounded temporal contract: …un time. It can be set based on system requirements (e.g., `TIMEOUT_THRESHOLD = 1000 cycles`). module axi_tap #( parameter ADDR_WIDTH = 32, // Width of AXI4-Lite Addr…', 'persistence temporal contract: …saction timeout occurs, the `timeout_flag` will be asserted. - The flag will remain high until the system handles the timeout (such as through an error handling mechanism or…', 'protocol/ordering contract: …ero when the transaction is completed (i.e. when the response is valid, and the handshake is completed). - If the timer reaches the configured `TIMEOUT_THRESHOLD` bef…', 'harness contains finite cycle/event-driven checks')"
cvdp_copilot_axil_precision_counter_0001,cvdp_copilot_axil_precision_counter_0001:input.prompt,True,False,False,False,False,True,True,False,False,True,False,False,False,False,False,False,True,False,False,False,True,"('protocol/ordering contract: …rations. --- ## Design Specification ### AXI4-Lite Protocol Features ### 1. Handshake Mechanism The AXI4-Lite protocol uses a valid-and-ready handshake mechanism to…', 'harness contains finite cycle/event-driven checks')"
cvdp_copilot_axis_border_gen_0001,cvdp_copilot_axis_border_gen_0001:input.prompt,True,False,False,False,False,False,False,False,False,True,False,False,False,False,False,False,False,False,False,False,False,"('harness contains finite cycle/event-driven checks',)"
cvdp_copilot_axis_border_gen_0014,cvdp_copilot_axis_border_gen_0014:input.prompt,True,False,False,False,False,False,False,False,False,True,False,False,False,False,False,False,False,False,False,False,False,"('harness contains finite cycle/event-driven checks',)"
cvdp_copilot_axis_joiner_0001,cvdp_copilot_axis_joiner_0001:input.prompt,True,False,False,False,False,True,True,False,False,True,False,False,False,False,False,False,True,False,False,False,True,"('protocol/ordering contract: …2`, `s_axis_tdata_3`). - Each input stream includes the standard **AXI Stream handshake signals**: - `tdata` (data bus) - `tvalid` (data valid indicator) -…', 'harness contains finite cycle/event-driven checks')"
cvdp_copilot_axis_mux_0001,cvdp_copilot_axis_mux_0001:input.prompt,True,False,False,False,False,True,True,False,False,True,False,False,False,False,False,False,True,False,False,False,True,"('protocol/ordering contract: …Below are the key features and use cases of AXIS: #### **Key Features**: 1. **Handshake Mechanism**: - Uses `TVALID` and `TREADY` signals for flow control. - Dat…', 'harness contains finite cycle/event-driven checks')"
cvdp_copilot_barrel_shifter_0001,cvdp_copilot_barrel_shifter_0001:input.prompt,True,False,False,False,False,False,False,False,False,True,False,False,False,False,False,False,False,False,False,False,False,"('harness contains finite cycle/event-driven checks',)"
cvdp_copilot_barrel_shifter_0037,cvdp_copilot_barrel_shifter_0037:input.prompt,True,False,False,False,False,False,False,False,False,True,False,False,False,False,False,False,False,False,False,False,False,"('harness contains finite cycle/event-driven checks',)"
cvdp_copilot_barrel_shifter_0054,cvdp_copilot_barrel_shifter_0054:input.prompt,True,False,False,False,False,False,False,False,False,True,False,False,False,False,False,False,False,False,False,False,False,"('harness contains finite cycle/event-driven checks',)"
cvdp_copilot_barrel_shifter_0058,cvdp_copilot_barrel_shifter_0058:input.prompt,True,False,False,False,False,False,False,False,False,True,False,False,False,False,False,False,False,False,False,False,False,"('harness contains finite cycle/event-driven checks',)"
cvdp_copilot_barrel_shifter_0064,cvdp_copilot_barrel_shifter_0064:input.prompt,True,False,False,False,False,False,False,False,False,True,False,False,False,False,False,False,False,False,False,False,False,"('harness contains finite cycle/event-driven checks',)"
cvdp_copilot_bcd_adder_0001,cvdp_copilot_bcd_adder_0001:input.prompt,True,False,False,False,False,False,False,False,False,True,False,False,False,False,False,False,False,False,False,False,False,"('harness contains finite cycle/event-driven checks',)"
cvdp_copilot_bcd_counter_0001,cvdp_copilot_bcd_counter_0001:input.prompt,True,False,False,False,False,False,False,False,False,True,False,False,False,False,False,False,False,False,False,False,False,"('harness contains finite cycle/event-driven checks',)"
cvdp_copilot_bcd_to_excess_3_0001,cvdp_copilot_bcd_to_excess_3_0001:input.prompt,True,False,False,False,False,False,False,False,False,True,False,False,False,False,False,False,False,False,False,False,False,"('harness contains finite cycle/event-driven checks',)"
cvdp_copilot_bcd_to_excess_3_0008,cvdp_copilot_bcd_to_excess_3_0008:input.prompt,True,False,False,False,False,False,False,False,False,True,False,False,False,False,False,False,False,False,False,False,False,"('harness contains finite cycle/event-driven checks',)"
cvdp_copilot_binary_multiplier_0012,cvdp_copilot_binary_multiplier_0012:input.prompt,True,False,True,False,False,False,True,False,False,True,False,False,False,False,False,False,True,False,False,False,True,"('bounded temporal contract: …ol Signal Behavior**: - Both `valid_in` and `valid_out` are asserted high for one cycle. - Once `valid_out` is asserted, new inputs will be fed to the system on the…', 'harness contains finite cycle/event-driven checks')"
cvdp_copilot_binary_search_tree_sorting_0001,cvdp_copilot_binary_search_tree_sorting_0001:input.prompt,True,False,True,False,False,False,True,False,False,True,False,False,False,False,False,False,True,False,False,False,True,"('bounded temporal contract: …when the `done` signal asserts high. Both `done` and `sorted_out` are set to 0 after 1 clock cycle. In the code below, the BST-based sorting algorithm is implemented with a Hier…', 'harness contains finite cycle/event-driven checks')"
cvdp_copilot_binary_search_tree_sorting_0014,cvdp_copilot_binary_search_tree_sorting_0014:input.prompt,True,False,False,False,False,False,False,False,False,True,True,False,False,False,False,False,False,False,False,False,False,"('harness contains finite cycle/event-driven checks', 'harness contains recognizable reference/scoreboard comparison')"
cvdp_copilot_binary_to_BCD_0001,cvdp_copilot_binary_to_BCD_0001:input.prompt,True,False,False,False,False,False,False,False,False,True,True,False,False,False,False,False,False,False,False,False,False,"('harness contains finite cycle/event-driven checks', 'harness contains recognizable reference/scoreboard comparison')"
cvdp_copilot_binary_to_BCD_0010,cvdp_copilot_binary_to_BCD_0010:input.prompt,True,False,False,False,False,False,False,False,False,True,False,False,False,False,False,False,False,False,False,False,False,"('harness contains finite cycle/event-driven checks',)"
cvdp_copilot_binary_to_BCD_0036,cvdp_copilot_binary_to_BCD_0036:input.prompt,True,False,False,False,False,False,False,False,False,True,True,False,False,True,False,False,False,False,False,False,True,"('synthesis scoring: …imulate # ---------------------------------------- def synth(): cmd = ""yosys -s /code/scripts/synth.tcl -l /code/rundir/synth.log"" return subprocess.ru…', 'harness contains finite cycle/event-driven checks', 'harness contains recognizable reference/scoreboard comparison')"
cvdp_copilot_binary_to_gray_0001,cvdp_copilot_binary_to_gray_0001:input.prompt,True,False,False,False,False,False,False,False,False,True,False,False,False,False,False,False,False,False,False,False,False,"('harness contains finite cycle/event-driven checks',)"
cvdp_copilot_binary_to_gray_0013,cvdp_copilot_binary_to_gray_0013:input.prompt,True,False,False,False,False,False,False,False,False,True,False,True,False,True,False,False,False,False,False,False,True,"('synthesis contract: …n the `binary_to_gray` module, addressing the following issues to provide clean synthesizable RTL code. - Multi-Driven Signal Issues. Identify and resolve any signals…', 'synthesis scoring: …imulate # ---------------------------------------- def synth(): cmd = ""yosys -s /code/scripts/synth.tcl -l /code/rundir/synth.log"" return subprocess.ru…', 'harness contains finite cycle/event-driven checks')"
cvdp_copilot_binary_to_one_hot_decoder_0001,cvdp_copilot_binary_to_one_hot_decoder_0001:input.prompt,True,False,False,False,False,False,False,False,False,True,False,False,False,False,False,False,False,False,False,False,False,"('harness contains finite cycle/event-driven checks',)"
cvdp_copilot_bit_synchronizer_0001,cvdp_copilot_bit_synchronizer_0001:input.prompt,True,False,False,False,False,False,False,False,False,True,False,False,False,False,False,False,False,False,False,False,False,"('harness contains finite cycle/event-driven checks',)"
cvdp_copilot_bus_arbiter_0001,cvdp_copilot_bus_arbiter_0001:input.prompt,True,False,False,False,False,False,False,False,False,True,False,False,False,False,False,False,False,False,False,False,False,"('harness contains finite cycle/event-driven checks',)"
cvdp_copilot_bus_arbiter_0004,cvdp_copilot_bus_arbiter_0004:input.prompt,True,False,True,False,False,False,True,False,False,True,False,False,False,False,False,False,True,False,False,False,True,"('bounded temporal contract: …t2` is asserted. - The transition to the granted request should occur on the next clock cycle. 4. **Dynamic Priority Adjustment:** If `dynamic_priority` changes while both r…', 'harness contains finite cycle/event-driven checks')"
cvdp_copilot_cache_lru_0001,cvdp_copilot_cache_lru_0001:input.prompt,True,False,False,False,False,False,False,False,False,True,False,False,False,False,False,False,False,False,False,False,False,"('harness contains finite cycle/event-driven checks',)"
cvdp_copilot_cache_lru_0008,cvdp_copilot_cache_lru_0008:input.prompt,True,False,True,False,False,False,True,False,False,True,False,False,False,False,False,False,True,False,False,False,True,"('bounded temporal contract: …ounters greater than the previous value of the replaced way are decremented. 4. Single-Cycle Latency: - All operations (hit or miss updates) are performed within a sing…', 'harness contains finite cycle/event-driven checks')"
cvdp_copilot_cache_lru_0011,cvdp_copilot_cache_lru_0011:input.prompt,True,False,True,False,False,False,True,False,False,True,False,False,False,False,False,False,True,False,False,False,True,"('bounded temporal contract: …r value** in the `recency` array should be selected as the `way_replace`. 5. **Single-Cycle Latency** - All operations (hit or miss updates) must be performed within a…', 'harness contains finite cycle/event-driven checks')"
cvdp_copilot_cache_lru_0016,cvdp_copilot_cache_lru_0016:input.prompt,True,False,True,False,False,False,True,False,False,True,False,False,False,False,False,False,True,False,False,False,True,"('bounded temporal contract: …of all ways). In the event of a tie, select the way with the lower index. 5. **Single-Cycle Latency**: - Ensure all operations (hit/miss handling and replacement logic)…', 'harness contains finite cycle/event-driven checks')"
cvdp_copilot_cache_lru_0019,cvdp_copilot_cache_lru_0019:input.prompt,True,False,True,False,False,False,True,False,False,True,False,False,False,False,False,False,True,False,False,False,True,"('bounded temporal contract: …the tree correctly identifies the most recently used way after an update. 5. **Single-Cycle Latency** - All operations (hit or miss updates, replacement logic) must be…', 'harness contains finite cycle/event-driven checks')"
cvdp_copilot_cache_lru_0022,cvdp_copilot_cache_lru_0022:input.prompt,True,False,False,False,False,False,False,False,False,True,False,False,False,False,False,False,False,False,False,False,False,"('harness contains finite cycle/event-driven checks',)"
cvdp_copilot_caesar_cipher_0001,cvdp_copilot_caesar_cipher_0001:input.prompt,True,False,False,False,False,False,False,False,False,True,False,False,False,False,False,False,False,False,False,False,False,"('harness contains finite cycle/event-driven checks',)"
cvdp_copilot_caesar_cipher_0024,cvdp_copilot_caesar_cipher_0024:input.prompt,True,False,False,False,False,False,False,False,False,True,False,False,False,False,False,False,False,False,False,False,False,"('harness contains finite cycle/event-driven checks',)"
cvdp_copilot_caesar_cipher_0038,cvdp_copilot_caesar_cipher_0038:input.prompt,True,False,False,False,False,False,False,False,False,True,False,False,False,True,False,False,False,False,False,False,True,"('synthesis scoring: …- Simulate # ---------------------------------------- def synth(): cmd = ""yosys -s /code/scripts/synth.tcl -l /code/rundir/synth.log"" return subprocess.run…', 'harness contains finite cycle/event-driven checks')"
cvdp_copilot_car_parking_management_0001,cvdp_copilot_car_parking_management_0001:input.prompt,True,False,False,False,False,False,False,False,False,True,False,False,False,False,False,False,False,False,False,False,False,"('harness contains finite cycle/event-driven checks',)"
cvdp_copilot_car_parking_management_0015,cvdp_copilot_car_parking_management_0015:input.prompt,True,False,False,False,False,False,False,False,False,True,False,False,False,False,False,False,False,False,False,False,False,"('harness contains finite cycle/event-driven checks',)"
cvdp_copilot_car_parking_management_0018,cvdp_copilot_car_parking_management_0018:input.prompt,True,False,False,False,False,False,False,False,False,True,False,False,False,False,False,False,False,False,False,False,False,"('harness contains finite cycle/event-driven checks',)"
cvdp_copilot_car_parking_management_0031,cvdp_copilot_car_parking_management_0031:input.prompt,True,False,False,False,False,False,False,False,False,True,False,False,False,False,False,False,False,False,False,False,False,"('harness contains finite cycle/event-driven checks',)"
cvdp_copilot_cascaded_adder_0001,cvdp_copilot_cascaded_adder_0001:input.prompt,True,False,True,False,False,False,True,False,False,True,True,False,False,False,False,False,True,False,False,False,True,"('bounded temporal contract: …` ---- ### Latency: The module introduces a total latency of two clock cycles. One cycle is added for registering the input data, and another for registering the output…', 'harness contains finite cycle/event-driven checks', 'harness contains recognizable reference/scoreboard comparison')"
cvdp_copilot_cascaded_adder_0025,cvdp_copilot_cascaded_adder_0025:input.prompt,True,False,True,False,False,False,True,False,False,True,True,False,False,False,False,False,True,False,False,False,True,"(""bounded temporal contract: …ck cycles** (Example: when `REG = 2'b11` all stages registered. There will be a 2 cycle latency for the stages in the adder + 2 cycles for input and output latching)…"", 'harness contains finite cycle/event-driven checks', 'harness contains recognizable reference/scoreboard comparison')"
cvdp_copilot_cdc_pulse_synchronizer_0004,cvdp_copilot_cdc_pulse_synchronizer_0004:input.prompt,True,False,False,False,False,False,False,False,False,True,False,False,False,False,False,False,False,False,False,False,False,"('harness contains finite cycle/event-driven checks',)"
cvdp_copilot_cdc_pulse_synchronizer_0013,cvdp_copilot_cdc_pulse_synchronizer_0013:input.prompt,True,False,True,False,False,False,True,False,False,True,False,False,False,False,False,False,True,False,False,False,True,"('bounded temporal contract: …nals simultaneously. The updated module must independently synchronize multiple single-cycle pulses from a source to a destination clock domain, ensuring reliable synchroni…', 'harness contains finite cycle/event-driven checks')"
cvdp_copilot_cellular_automata_0001,cvdp_copilot_cellular_automata_0001:input.prompt,True,False,False,False,False,False,False,False,False,True,False,False,False,False,False,False,False,False,False,False,False,"('harness contains finite cycle/event-driven checks',)"
cvdp_copilot_cellular_automata_0017,cvdp_copilot_cellular_automata_0017:input.prompt,True,False,False,False,False,False,False,False,False,True,False,False,False,False,False,False,False,False,False,False,False,"('harness contains finite cycle/event-driven checks',)"
cvdp_copilot_clock_divider_0003,cvdp_copilot_clock_divider_0003:input.prompt,True,False,False,False,False,False,False,False,False,True,False,False,False,False,False,False,False,False,False,False,False,"('harness contains finite cycle/event-driven checks',)"
cvdp_copilot_clock_jitter_detection_module_0003,cvdp_copilot_clock_jitter_detection_module_0003:input.prompt,True,False,True,False,False,False,True,False,False,True,False,False,False,False,False,False,True,False,False,False,True,"('bounded temporal contract: …remains asserted for one clock cycle when jitter is detected and resets on the next clock cycle unless additional jitter is identified. The design ensures synchronous operatio…', 'harness contains finite cycle/event-driven checks')"
cvdp_copilot_coffee_machine_0001,cvdp_copilot_coffee_machine_0001:input.prompt,True,False,False,False,False,False,False,False,False,True,False,False,False,False,False,False,False,False,False,False,False,"('harness contains finite cycle/event-driven checks',)"
cvdp_copilot_comparator_0001,cvdp_copilot_comparator_0001:input.prompt,True,False,False,False,False,False,False,False,False,True,False,True,False,False,False,False,False,False,False,True,True,"('synthesis contract: …ombinational design requirements—no sequential elements. - Ensure the module is synthesizable and uses industry-standard terminology throughout the code and documentation.', 'harness contains finite cycle/event-driven checks')"
cvdp_copilot_complex_multiplier_0001,cvdp_copilot_complex_multiplier_0001:input.prompt,True,False,True,False,False,False,True,False,False,True,False,False,False,False,False,False,True,False,False,False,True,"('bounded temporal contract: …d have an asynchronous active low reset and the latency of the design should be one cycle. Port List: `clk`: 1 bit input to the design. This is the Clock signal for the…', 'harness contains finite cycle/event-driven checks')"
cvdp_copilot_compression_engine_0001,cvdp_copilot_compression_engine_0001:input.prompt,True,False,False,False,False,False,False,False,False,True,False,False,False,False,False,False,False,False,False,False,False,"('harness contains finite cycle/event-driven checks',)"
cvdp_copilot_concatenate_0001,cvdp_copilot_concatenate_0001:input.prompt,True,False,False,False,False,False,False,False,False,True,False,False,False,False,False,False,False,False,False,False,False,"('harness contains finite cycle/event-driven checks',)"
cvdp_copilot_configurable_digital_low_pass_filter_0001,cvdp_copilot_configurable_digital_low_pass_filter_0001:input.prompt,True,False,False,False,False,False,False,False,False,True,False,False,False,False,False,False,False,False,False,False,False,"('harness contains finite cycle/event-driven checks',)"
cvdp_copilot_configurable_digital_low_pass_filter_0004,cvdp_copilot_configurable_digital_low_pass_filter_0004:input.prompt,True,False,False,False,False,False,False,False,False,True,False,False,False,False,False,False,False,False,False,False,False,"('harness contains finite cycle/event-driven checks',)"
cvdp_copilot_configurable_digital_low_pass_filter_0011,cvdp_copilot_configurable_digital_low_pass_filter_0011:input.prompt,True,False,True,False,False,False,True,False,False,True,False,False,False,False,False,False,True,False,False,False,True,"(""bounded temporal contract: …ING_RATE = 3'd1` ### Inputs - `x_in = 16'd10` - `y_true = 16'd20` ### Outputs After 1 Clock Cycle - `w = 0` - `b = 0` ### Outputs After 2 Clock Cycles - `w = 16'200` - `b = 16'…"", 'harness contains finite cycle/event-driven checks')"
cvdp_copilot_configurable_digital_low_pass_filter_0014,cvdp_copilot_configurable_digital_low_pass_filter_0014:input.prompt,True,False,True,False,False,False,True,False,False,True,False,False,False,False,False,False,True,False,False,False,True,"('bounded temporal contract: …Even if the `start` input is always `1`, the `done` output will only be `1` for one cycle during the state transitions from `IDLE` to `COMPUTE` and from `COMPUTE` to `DO…', 'harness contains finite cycle/event-driven checks')"
cvdp_copilot_cont_adder_0006,cvdp_copilot_cont_adder_0006:input.prompt,True,False,False,False,False,False,False,False,False,True,False,False,False,False,False,False,False,False,False,False,False,"('harness contains finite cycle/event-driven checks',)"
cvdp_copilot_cont_adder_0023,cvdp_copilot_cont_adder_0023:input.prompt,True,False,True,False,False,False,True,False,False,False,False,False,False,False,False,False,True,False,False,False,True,"('bounded temporal contract: …- ### 9. Latency #### Continuous Mode (ACCUM_MODE = 0) - **Latency:** 1 clock cycle after threshold crossing. ##### Explanation - When the accumulated sum crosses a thr…',)"
cvdp_copilot_cont_adder_0042,cvdp_copilot_cont_adder_0042:input.prompt,True,False,False,False,False,False,False,False,False,True,False,False,False,True,False,False,False,False,False,False,True,"('synthesis scoring: …- Simulate # ---------------------------------------- def synth(): cmd = ""yosys -s /code/scripts/synth.tcl -l /code/rundir/synth.log"" return subprocess.run…', 'harness contains finite cycle/event-driven checks')"
cvdp_copilot_cont_adder_0045,cvdp_copilot_cont_adder_0045:input.prompt,True,True,False,False,False,False,False,False,False,True,False,True,True,True,False,False,False,False,True,False,True,"('synthesis contract: …k to `IDLE` with `sum_accum` and `sample_count` set to zero. --- Perform an **area optimization** by focusing on modifying the combinational logic and sequential logic. Ensure…', 'equivalence contract: …onal logic and sequential logic. Ensure that: - The optimized design retains **functional equivalence** and **latency** as the original module. - The interface module should remain…', 'synthesis scoring: …- Simulate # ---------------------------------------- def synth(): cmd = ""yosys -s /src/synth.tcl -l /code/rundir/synth.log"" return subprocess.run(cmd, she…', 'public reference RTL is present', 'harness contains finite cycle/event-driven checks')"
cvdp_copilot_convolutional_encoder_0001,cvdp_copilot_convolutional_encoder_0001:input.prompt,True,False,False,False,False,False,False,False,False,True,False,False,False,False,False,False,False,False,False,False,False,"('harness contains finite cycle/event-driven checks',)"
cvdp_copilot_convolutional_encoder_0010,cvdp_copilot_convolutional_encoder_0010:input.prompt,True,False,False,False,False,False,False,False,False,True,False,False,False,False,False,False,False,False,False,False,False,"('harness contains finite cycle/event-driven checks',)"
cvdp_copilot_crossbar_switch_0001,cvdp_copilot_crossbar_switch_0001:input.prompt,True,False,True,False,False,False,True,False,False,True,False,False,False,False,False,False,True,False,False,False,True,"('bounded temporal contract: …chronized with the rising edge of the clock with the output appearing one clock cycle after the input. The reset should be asynchronous and active low and all output data…', 'harness contains finite cycle/event-driven checks')"
cvdp_copilot_data_bus_controller_0001,cvdp_copilot_data_bus_controller_0001:input.prompt,True,False,True,False,False,True,True,False,False,True,False,False,False,False,False,False,True,False,False,False,True,"('bounded temporal contract: …e driven to the slave and m0 will be ignored. - Latency of the design should be one cycle. Here is the signal description of the interface. ### Global Signals | Signa…', 'protocol/ordering contract: …an send transaction independently regardless of each other. Both interfaces use ready-valid handshake mechanism. - There will be only one slave to accept these transactio…', 'harness contains finite cycle/event-driven checks')"
cvdp_copilot_data_serializer_0001,cvdp_copilot_data_serializer_0001:input.prompt,True,False,False,False,False,False,False,False,False,True,False,False,False,False,False,False,False,False,False,False,False,"('harness contains finite cycle/event-driven checks',)"
cvdp_copilot_data_width_converter_0003,cvdp_copilot_data_width_converter_0003:input.prompt,True,False,False,False,False,False,False,False,False,True,False,False,False,False,False,False,False,False,False,False,False,"('harness contains finite cycle/event-driven checks',)"
cvdp_copilot_dbi_0001,cvdp_copilot_dbi_0001:input.prompt,True,False,False,False,False,False,False,False,False,True,False,False,False,False,False,False,False,False,False,False,False,"('harness contains finite cycle/event-driven checks',)"
cvdp_copilot_dbi_0008,cvdp_copilot_dbi_0008:input.prompt,True,False,False,False,False,False,False,False,False,True,False,False,False,False,False,False,False,False,False,False,False,"('harness contains finite cycle/event-driven checks',)"
cvdp_copilot_dbi_dec_0001,cvdp_copilot_dbi_dec_0001:input.prompt,True,False,False,False,False,False,False,False,False,True,False,True,False,False,False,False,False,False,False,True,True,"('synthesis contract: …cations, complete the following System Verilog template. Ensure correctness and synthesizability. ```verilog module dbi_dec ( // Inputs input wire rst_n, /…', 'harness contains finite cycle/event-driven checks')"
cvdp_copilot_decode_firstbit_0001,cvdp_copilot_decode_firstbit_0001:input.prompt,True,False,True,False,False,False,True,False,False,True,False,False,False,False,False,False,True,False,False,False,True,"('bounded temporal contract: …pth of the pipeline. For example, when `PlRegs_g = 0`, the detection happens in one cycle, whereas `PlRegs_g = 1` splits the detection across two stages, requiring two c…', 'harness contains finite cycle/event-driven checks')"
cvdp_copilot_decoder_8b10b_0001,cvdp_copilot_decoder_8b10b_0001:input.prompt,True,False,False,False,False,False,False,False,False,True,False,False,False,False,False,False,False,False,False,False,False,"('harness contains finite cycle/event-driven checks',)"
cvdp_copilot_digital_dice_roller_0001,cvdp_copilot_digital_dice_roller_0001:input.prompt,True,False,False,False,False,False,False,False,False,True,False,False,False,False,False,False,False,False,False,False,False,"('harness contains finite cycle/event-driven checks',)"
cvdp_copilot_digital_dice_roller_0004,cvdp_copilot_digital_dice_roller_0004:input.prompt,True,False,False,False,False,False,False,False,False,True,False,False,False,False,False,False,False,False,False,False,False,"('harness contains finite cycle/event-driven checks',)"
cvdp_copilot_digital_stopwatch_0001,cvdp_copilot_digital_stopwatch_0001:input.prompt,True,False,False,False,False,False,False,False,False,True,False,False,False,False,False,False,False,False,False,False,False,"('harness contains finite cycle/event-driven checks',)"
cvdp_copilot_digital_stopwatch_0012,cvdp_copilot_digital_stopwatch_0012:input.prompt,True,False,True,False,False,False,True,False,False,True,False,False,False,False,False,False,True,False,False,False,True,"('bounded temporal contract: …ding of new values and should start counting down from new loaded values at the next clock cycle if `load` is deasserted. ## 3. Pause and Resume Behavior - If `start_stop` is…', 'harness contains finite cycle/event-driven checks')"
cvdp_copilot_dot_product_0002,cvdp_copilot_dot_product_0002:input.prompt,True,False,False,False,False,False,False,False,False,True,False,False,False,False,False,False,False,False,False,False,False,"('harness contains finite cycle/event-driven checks',)"
cvdp_copilot_dot_product_0005,cvdp_copilot_dot_product_0005:input.prompt,True,False,False,False,False,False,False,False,False,True,False,False,False,False,False,False,False,False,False,False,False,"('harness contains finite cycle/event-driven checks',)"
cvdp_copilot_dot_product_0012,cvdp_copilot_dot_product_0012:input.prompt,True,False,False,False,False,False,False,False,False,True,False,False,False,True,False,False,False,False,False,False,True,"('synthesis scoring: …- Simulate # ---------------------------------------- def synth(): cmd = ""yosys -s /code/scripts/synth.tcl -l /code/rundir/synth.log"" return subprocess.run…', 'harness contains finite cycle/event-driven checks')"
cvdp_copilot_edge_detector_0001,cvdp_copilot_edge_detector_0001:input.prompt,True,False,False,False,False,False,False,False,False,True,False,False,False,False,False,False,False,False,False,False,False,"('harness contains finite cycle/event-driven checks',)"
cvdp_copilot_elastic_buffer_0001,cvdp_copilot_elastic_buffer_0001:input.prompt,True,False,False,False,False,False,False,False,False,True,False,False,False,False,False,False,False,False,False,False,False,"('harness contains finite cycle/event-driven checks',)"
cvdp_copilot_elastic_buffer_0005,cvdp_copilot_elastic_buffer_0005:input.prompt,True,False,False,False,False,False,False,False,False,True,False,False,False,False,False,False,False,False,False,False,False,"('harness contains finite cycle/event-driven checks',)"
cvdp_copilot_elevator_control_0006,cvdp_copilot_elevator_control_0006:input.prompt,True,False,False,False,False,False,False,False,False,True,False,False,False,False,False,False,False,False,False,False,False,"('harness contains finite cycle/event-driven checks',)"
cvdp_copilot_elevator_control_0009,cvdp_copilot_elevator_control_0009:input.prompt,True,False,False,False,False,False,False,False,False,True,False,False,False,False,False,False,False,False,False,False,False,"('harness contains finite cycle/event-driven checks',)"
cvdp_copilot_elevator_control_0026,cvdp_copilot_elevator_control_0026:input.prompt,True,False,False,False,False,False,False,False,False,True,False,False,False,False,False,False,False,False,False,False,False,"('harness contains finite cycle/event-driven checks',)"
cvdp_copilot_elevator_control_0033,cvdp_copilot_elevator_control_0033:input.prompt,True,False,False,False,False,False,False,False,False,True,False,False,False,False,False,False,False,False,False,False,False,"('harness contains finite cycle/event-driven checks',)"
cvdp_copilot_elevator_control_0036,cvdp_copilot_elevator_control_0036:input.prompt,True,False,False,False,False,False,False,False,False,True,False,False,False,False,False,False,False,False,False,False,False,"('harness contains finite cycle/event-driven checks',)"
cvdp_copilot_ethernet_packet_parser_0001,cvdp_copilot_ethernet_packet_parser_0001:input.prompt,True,False,False,False,False,True,True,False,False,True,False,False,False,False,False,False,True,False,False,False,True,"('protocol/ordering contract: …The `ack` signal remains constantly high (`1`), as the receiver does not apply backpressure to the transmitter. - At the end of the burst (signaled by `eof`), `field_vld`…', 'harness contains finite cycle/event-driven checks')"
cvdp_copilot_events_to_apb_0001,cvdp_copilot_events_to_apb_0001:input.prompt,True,False,True,False,False,False,True,False,False,True,False,False,False,False,False,False,True,False,False,False,True,"('bounded temporal contract: …cycle if `apb_pready_i` remains low. - If `apb_pready_i` is not asserted within 15 cycles after entering `ACCESS` state, the timeout counter resets the controller to the…', 'harness contains finite cycle/event-driven checks')"
cvdp_copilot_factorial_0001,cvdp_copilot_factorial_0001:input.prompt,True,False,True,False,False,False,True,False,False,True,False,False,False,False,False,False,True,False,False,False,True,"('bounded temporal contract: …put that holds the factorial of the input number. This result is updated in the next clock cycle after the input is provided. 7- `done` (output) : This signal indicates that th…', 'harness contains finite cycle/event-driven checks')"
cvdp_copilot_fan_controller_0001,cvdp_copilot_fan_controller_0001:input.prompt,True,False,False,False,False,False,False,False,False,True,False,True,False,False,False,False,False,False,False,True,True,"('synthesis contract: …specifications, complete the following Verilog template. Ensure correctness and synthesizability. ```verilog module fan_controller ( input wire clk, // S…', 'harness contains finite cycle/event-driven checks')"
cvdp_copilot_fan_controller_0005,cvdp_copilot_fan_controller_0005:input.prompt,True,False,False,False,False,False,False,False,False,True,False,False,False,False,False,False,False,False,False,False,False,"('harness contains finite cycle/event-driven checks',)"
cvdp_copilot_fan_controller_0008,cvdp_copilot_fan_controller_0008:input.prompt,True,True,False,False,False,False,False,False,False,True,False,True,True,True,False,False,False,False,True,False,True,"('synthesis contract: …fan_controller.sv contains both sequential and combinational logic. Perform an area optimization by focusing on modifying the combinational logic components. Ensure that: - T…', 'equivalence contract: …e combinational logic components. Ensure that: - The optimized design retains functional equivalence with the original module. - The interface module should remain the same. - T…', 'synthesis scoring: …- Simulate # ---------------------------------------- def synth(): cmd = ""yosys -s /src/synth.tcl -l /code/rundir/synth.log"" return subprocess.run(cmd, she…', 'public reference RTL is present', 'harness contains finite cycle/event-driven checks')"
cvdp_copilot_fibonacci_series_0001,cvdp_copilot_fibonacci_series_0001:input.prompt,True,False,True,False,False,False,True,False,False,True,False,False,False,False,False,False,True,False,False,False,True,"('bounded temporal contract: …umber exceeds 32 bits, the module detects overflow and sets the `overflow_flag` after one clock cycle to propagate the last Fibonacci number to the output, after which it automatica…', 'harness contains finite cycle/event-driven checks')"
cvdp_copilot_fifo_async_0001,cvdp_copilot_fifo_async_0001:input.prompt,True,False,False,False,False,True,True,False,False,True,False,False,False,False,False,False,True,False,False,False,True,"('protocol/ordering contract: …ray counters to track the write/read positions in the FIFO. To determine if the FIFO is empty or full, use pointers with one extra bit to track overflow and compare both pointers. The empty and full flags should be asserted as follo…', 'harness contains finite cycle/event-driven checks')"
cvdp_copilot_fifo_to_axis_0001,cvdp_copilot_fifo_to_axis_0001:input.prompt,True,False,False,False,False,False,False,False,False,True,False,False,False,False,False,False,False,False,False,False,False,"('harness contains finite cycle/event-driven checks',)"
cvdp_copilot_fifo_to_axis_0005,cvdp_copilot_fifo_to_axis_0005:input.prompt,True,False,False,False,False,False,False,False,False,True,False,False,False,False,False,False,False,False,False,False,False,"('harness contains finite cycle/event-driven checks',)"
cvdp_copilot_filo_0005,cvdp_copilot_filo_0005:input.prompt,True,False,False,False,False,False,False,False,False,True,False,False,False,False,False,False,False,False,False,False,False,"('harness contains finite cycle/event-driven checks',)"
cvdp_copilot_filo_0033,cvdp_copilot_filo_0033:input.prompt,True,False,False,False,False,False,False,False,False,True,False,False,False,False,False,False,False,False,False,False,False,"('harness contains finite cycle/event-driven checks',)"
cvdp_copilot_findfasterclock_0001,cvdp_copilot_findfasterclock_0001:input.prompt,True,False,True,False,False,False,True,False,False,True,False,True,False,False,False,False,True,False,False,True,True,"('bounded temporal contract: …- The period of `clk_A` is calculated as the number of `clk_B` pulses during one cycle of `clk_A` (`periodA`). - Similarly, the period of `clk_B` is calculated as…', 'synthesis contract: …and compare `periodA` and `periodB`. Could you make sure the completed code is synthesizable and follows the design specifications?', 'harness contains finite cycle/event-driven checks')"
cvdp_copilot_flop_0001,cvdp_copilot_flop_0001:input.prompt,True,False,False,False,False,False,False,False,False,True,False,False,False,False,False,False,False,False,False,False,False,"('harness contains finite cycle/event-driven checks',)"
cvdp_copilot_flop_0002,cvdp_copilot_flop_0002:input.prompt,True,False,False,False,False,False,False,False,False,True,False,False,False,False,False,False,False,False,False,False,False,"('harness contains finite cycle/event-driven checks',)"
cvdp_copilot_fsm_seq_detector_0001,cvdp_copilot_fsm_seq_detector_0001:input.prompt,True,False,False,False,False,False,False,False,False,True,False,False,False,False,False,False,False,False,False,False,False,"('harness contains finite cycle/event-driven checks',)"
cvdp_copilot_fsm_seq_detector_0023,cvdp_copilot_fsm_seq_detector_0023:input.prompt,True,False,False,False,False,False,False,False,False,True,False,False,False,False,False,False,False,False,False,False,False,"('harness contains finite cycle/event-driven checks',)"
cvdp_copilot_galois_encryption_0001,cvdp_copilot_galois_encryption_0001:input.prompt,True,False,False,False,False,False,False,False,False,True,False,False,False,False,False,False,False,False,False,False,False,"('harness contains finite cycle/event-driven checks',)"
cvdp_copilot_gaussian_rounding_div_0003,cvdp_copilot_gaussian_rounding_div_0003:input.prompt,True,False,True,False,False,False,True,False,False,True,False,False,False,False,False,False,True,False,False,False,True,"('bounded temporal contract: …en returns to **IDLE**. --- ## Latency Considerations Total Latency = WIDTH + 2 cycles - **1 cycle** overhead when transitioning from **IDLE** to **BUSY** (registerin…', 'harness contains finite cycle/event-driven checks')"
cvdp_copilot_gaussian_rounding_div_0005,cvdp_copilot_gaussian_rounding_div_0005:input.prompt,True,False,True,False,False,False,True,False,False,True,False,False,False,False,False,False,True,False,False,False,True,"('bounded temporal contract: …Asserted high when the output (`dv_out`) is valid. Remains asserted for 1 clock cycle after the calculation is complete. |…', 'harness contains finite cycle/event-driven checks')"
cvdp_copilot_gaussian_rounding_div_0022,cvdp_copilot_gaussian_rounding_div_0022:input.prompt,True,True,False,False,False,False,False,False,False,True,False,False,True,True,False,False,False,False,True,False,True,"('equivalence contract: …onal logic and sequential logic. Ensure that: - The optimized design retains **functional equivalence**. - The interface module should remain the same. - The latency should be reduc…', 'synthesis scoring: …- Simulate # ---------------------------------------- def synth(): cmd = ""yosys -s /src/synth.tcl -l /code/rundir/synth.log"" return subprocess.run(cmd, she…', 'public reference RTL is present', 'harness contains finite cycle/event-driven checks')"
cvdp_copilot_gaussian_rounding_div_0023,cvdp_copilot_gaussian_rounding_div_0023:input.prompt,True,True,False,False,False,False,False,False,False,True,False,True,True,True,False,False,False,False,True,False,True,"('synthesis contract: …- Step-9: Register Q contains quotient and A contains remainder. Perform an **area optimization** by focusing on modifying the sequential logic and combinational logic. Ensure…', 'equivalence contract: …l logic and combinational logic. Ensure that: - The optimized design retains **functional equivalence** and **latency** as the original module. - The interface of the `divider` modu…', 'synthesis scoring: …- Simulate # ---------------------------------------- def synth(): cmd = ""yosys -s /src/synth.tcl -l /code/rundir/synth.log"" return subprocess.run(cmd, she…', 'public reference RTL is present', 'harness contains finite cycle/event-driven checks')"
cvdp_copilot_gcd_0001,cvdp_copilot_gcd_0001:input.prompt,True,False,True,False,False,False,True,False,False,True,False,False,False,False,False,False,True,False,False,False,True,"('bounded temporal contract: …new input `A` and `B`. The `go` for a new input will be provided only from the next cycle following the assertion of `done` signal to high, indicating that the computati…', 'harness contains finite cycle/event-driven checks')"
cvdp_copilot_gcd_0009,cvdp_copilot_gcd_0009:input.prompt,True,False,True,False,False,False,True,False,False,True,False,False,False,False,False,False,True,False,False,False,True,"('bounded temporal contract: …the following scenarios: 1) The best case occurs when A==B==C from the start: Latency = 5 cycles. 2) The worst case occurs when `B` and one more input take the maximum value…', 'harness contains finite cycle/event-driven checks')"
cvdp_copilot_gcd_0015,cvdp_copilot_gcd_0015:input.prompt,True,False,False,False,False,False,False,False,False,True,False,False,False,False,False,False,False,False,False,False,False,"('harness contains finite cycle/event-driven checks',)"
cvdp_copilot_gcd_0023,cvdp_copilot_gcd_0023:input.prompt,True,False,False,False,False,False,False,False,False,True,False,False,False,False,False,False,False,False,False,False,False,"('harness contains finite cycle/event-driven checks',)"
cvdp_copilot_gcd_0038,cvdp_copilot_gcd_0038:input.prompt,True,True,False,False,False,False,False,False,False,True,False,True,True,True,False,False,False,False,True,False,True,"('synthesis contract: …nt, the value of either number is the GCD of the original inputs. Perform an **area optimization** by focusing on modifying the sequential logic and combinational logic. Ensure…', 'equivalence contract: …l logic and combinational logic. Ensure that: - The optimized design retains **functional equivalence** and **latency** as the original module. - The control and datapath logic sh…', 'synthesis scoring: …- Simulate # ---------------------------------------- def synth(): cmd = ""yosys -s /src/synth.tcl -l /code/rundir/synth.log"" return subprocess.run(cmd, she…', 'public reference RTL is present', 'harness contains finite cycle/event-driven checks')"
cvdp_copilot_gcd_0040,cvdp_copilot_gcd_0040:input.prompt,True,False,False,False,False,False,False,False,False,True,False,False,False,False,False,False,False,False,False,False,False,"('harness contains finite cycle/event-driven checks',)"
cvdp_copilot_gcd_0045,cvdp_copilot_gcd_0045:input.prompt,True,True,True,False,False,False,True,False,False,True,False,True,True,True,False,False,True,False,True,False,True,"('bounded temporal contract: …// If one is zero and the other is nonzero, make them equal to move to done next cycle next_A_ff = B_ff; next_B_ff = B_ff; e…', 'synthesis contract: …up> *b, where k is the number of factors of 2 removed in Step 1. Perform an **area optimization** by focusing on modifying the sequential logic and combinational logic. Ensure…', 'equivalence contract: …l logic and combinational logic. Ensure that: - The optimized design retains **functional equivalence** and **latency** as the original module. - The control and datapath logic sh…', 'synthesis scoring: …- Simulate # ---------------------------------------- def synth(): cmd = ""yosys -s /src/synth.tcl -l /code/rundir/synth.log"" return subprocess.run(cmd, she…', 'public reference RTL is present', 'harness contains finite cycle/event-driven checks')"
cvdp_copilot_generic_nbit_counter_0036,cvdp_copilot_generic_nbit_counter_0036:input.prompt,True,False,False,False,False,False,False,False,False,True,False,False,False,False,False,False,False,False,False,False,False,"('harness contains finite cycle/event-driven checks',)"
cvdp_copilot_generic_nbit_counter_0039,cvdp_copilot_generic_nbit_counter_0039:input.prompt,True,True,False,False,False,False,False,False,False,True,False,True,True,True,False,False,False,False,True,False,True,"('synthesis contract: …counting operations and combinational logic for output selection. Perform an **area optimization** by focusing on modifications that reduce the utilization of both **cells** an…', 'equivalence contract: …of both **cells** and **wires**. Ensure that: - The optimized design retains **functional equivalence** with the original module. - The number of always blocks is minimized. - M…', 'synthesis scoring: …- Simulate # ---------------------------------------- def synth(): cmd = ""yosys -s /src/synth.tcl -l /code/rundir/synth.log"" return subprocess.run(cmd, she…', 'public reference RTL is present', 'harness contains finite cycle/event-driven checks')"
cvdp_copilot_gf_multiplier_0001,cvdp_copilot_gf_multiplier_0001:input.prompt,True,False,False,False,False,False,False,False,False,True,False,False,False,False,False,False,False,False,False,False,False,"('harness contains finite cycle/event-driven checks',)"
cvdp_copilot_gf_multiplier_0005,cvdp_copilot_gf_multiplier_0005:input.prompt,True,False,False,False,False,False,False,False,False,True,False,False,False,False,False,False,False,False,False,False,False,"('harness contains finite cycle/event-driven checks',)"
cvdp_copilot_gf_multiplier_0013,cvdp_copilot_gf_multiplier_0013:input.prompt,True,False,False,False,False,False,False,False,False,True,False,False,False,False,False,False,False,False,False,False,False,"('harness contains finite cycle/event-driven checks',)"
cvdp_copilot_gf_multiplier_0021,cvdp_copilot_gf_multiplier_0021:input.prompt,True,False,False,False,False,False,False,False,False,True,False,False,False,False,False,False,False,False,False,False,False,"('harness contains finite cycle/event-driven checks',)"
cvdp_copilot_gmii_axis_0001,cvdp_copilot_gmii_axis_0001:input.prompt,True,False,False,False,False,True,True,False,False,True,False,True,False,False,False,False,True,False,False,True,True,"('protocol/ordering contract: …for AXI-Stream. m_axis_tvalid: Indicates valid data on the bus. m_axis_tready: Handshake signal from the downstream AXI-Stream device. m_axis_tlast: End of frame indica…', 'synthesis contract: …specifications, complete the following Verilog template. Ensure correctness and synthesizability. ```verilog module gmii_rx_to_axi_stream ( //GMII Input Signals: inp…', 'harness contains finite cycle/event-driven checks')"
cvdp_copilot_gray_to_binary_0001,cvdp_copilot_gray_to_binary_0001:input.prompt,True,False,False,False,False,False,False,False,False,True,False,False,False,False,False,False,False,False,False,False,False,"('harness contains finite cycle/event-driven checks',)"
cvdp_copilot_grayscale_image_0014,cvdp_copilot_grayscale_image_0014:input.prompt,True,False,False,False,False,False,False,False,False,True,False,False,False,False,False,False,False,False,False,False,False,"('harness contains finite cycle/event-driven checks',)"
cvdp_copilot_halfband_fir_0005,cvdp_copilot_halfband_fir_0005:input.prompt,True,False,False,False,False,False,False,False,False,True,False,False,False,False,False,False,False,False,False,False,False,"('harness contains finite cycle/event-driven checks',)"
cvdp_copilot_hamming_code_tx_and_rx_0001,cvdp_copilot_hamming_code_tx_and_rx_0001:input.prompt,True,False,False,False,False,False,False,False,False,True,False,False,False,False,False,False,False,False,False,False,False,"('harness contains finite cycle/event-driven checks',)"
cvdp_copilot_hamming_code_tx_and_rx_0003,cvdp_copilot_hamming_code_tx_and_rx_0003:input.prompt,True,False,False,False,False,False,False,False,False,True,False,False,False,False,False,False,False,False,False,False,False,"('harness contains finite cycle/event-driven checks',)"
cvdp_copilot_hamming_code_tx_and_rx_0009,cvdp_copilot_hamming_code_tx_and_rx_0009:input.prompt,True,False,False,False,False,False,False,False,False,True,False,False,False,False,False,False,False,False,False,False,False,"('harness contains finite cycle/event-driven checks',)"
cvdp_copilot_hamming_code_tx_and_rx_0011,cvdp_copilot_hamming_code_tx_and_rx_0011:input.prompt,True,False,False,False,False,False,False,False,False,True,False,False,False,False,False,False,False,False,False,False,False,"('harness contains finite cycle/event-driven checks',)"
cvdp_copilot_hamming_code_tx_and_rx_0013,cvdp_copilot_hamming_code_tx_and_rx_0013:input.prompt,True,False,False,False,False,False,False,False,False,True,False,False,False,False,False,False,False,False,False,False,False,"('harness contains finite cycle/event-driven checks',)"
cvdp_copilot_hebbian_rule_0012,cvdp_copilot_hebbian_rule_0012:input.prompt,True,False,False,False,False,False,False,False,False,True,False,False,False,False,False,False,False,False,False,False,False,"('harness contains finite cycle/event-driven checks',)"
cvdp_copilot_hebbian_rule_0017,cvdp_copilot_hebbian_rule_0017:input.prompt,True,False,False,False,False,False,False,False,False,True,False,False,False,False,False,False,False,False,False,False,False,"('harness contains finite cycle/event-driven checks',)"
cvdp_copilot_hill_cipher_0001,cvdp_copilot_hill_cipher_0001:input.prompt,True,False,False,False,False,False,False,False,False,True,False,False,False,False,False,False,False,False,False,False,False,"('harness contains finite cycle/event-driven checks',)"
cvdp_copilot_hill_cipher_0015,cvdp_copilot_hill_cipher_0015:input.prompt,True,False,False,False,False,False,False,False,False,True,False,False,False,True,False,False,False,False,False,False,True,"('synthesis scoring: …- Simulate # ---------------------------------------- def synth(): cmd = ""yosys -s /code/scripts/synth.tcl -l /code/rundir/synth.log"" return subprocess.run…', 'harness contains finite cycle/event-driven checks')"
cvdp_copilot_hmac_register_0001,cvdp_copilot_hmac_register_0001:input.prompt,True,False,False,False,False,False,False,False,False,True,False,False,False,False,False,False,False,False,False,False,False,"('harness contains finite cycle/event-driven checks',)"
cvdp_copilot_huffman_0001,cvdp_copilot_huffman_0001:input.prompt,True,False,False,False,False,False,False,False,False,True,False,False,False,False,False,False,False,False,False,False,False,"('harness contains finite cycle/event-driven checks',)"
cvdp_copilot_icache_controller_0001,cvdp_copilot_icache_controller_0001:input.prompt,True,False,False,False,False,True,True,False,False,True,False,False,False,False,False,False,True,False,False,False,True,"('protocol/ordering contract: …to their default values immediately when asserted. - **io_mem_ready**: A 1-bit handshake signal from memory indicating that the memory is ready to accept a request or p…', 'harness contains finite cycle/event-driven checks')"
cvdp_copilot_image_rotate_0001,cvdp_copilot_image_rotate_0001:input.prompt,True,False,False,False,False,False,False,False,False,True,False,False,False,False,False,False,False,False,False,False,False,"('harness contains finite cycle/event-driven checks',)"
cvdp_copilot_image_rotate_0014,cvdp_copilot_image_rotate_0014:input.prompt,True,False,False,False,False,False,False,False,False,True,False,False,False,False,False,False,False,False,False,False,False,"('harness contains finite cycle/event-driven checks',)"
cvdp_copilot_image_rotate_0015,cvdp_copilot_image_rotate_0015:input.prompt,True,True,True,False,False,False,True,False,False,True,False,False,True,True,False,False,True,False,True,False,True,"('bounded temporal contract: …- **Cells: Minimum 25% reduction** - The **output latency must be reduced by 3 cycles** as part of the optimization. module image_rotate #( parameter IN_ROW…', 'equivalence contract: …ial logic components** while ensuring that: - The optimized design **retains functional equivalence** with the original module. - The **interface module must remain unchanged**…', 'synthesis scoring: …- Simulate # ---------------------------------------- def synth(): cmd = ""yosys -s /src/synth.tcl -l /code/rundir/synth.log"" return subprocess.run(cmd, she…', 'public reference RTL is present', 'harness contains finite cycle/event-driven checks')"
cvdp_copilot_image_stego_0004,cvdp_copilot_image_stego_0004:input.prompt,True,False,False,False,False,False,False,False,False,True,False,False,False,False,False,False,False,False,False,False,False,"('harness contains finite cycle/event-driven checks',)"
cvdp_copilot_interrupt_controller_0014,cvdp_copilot_interrupt_controller_0014:input.prompt,True,False,False,False,False,False,False,False,False,True,False,False,False,False,False,False,False,False,False,False,False,"('harness contains finite cycle/event-driven checks',)"
cvdp_copilot_interrupt_controller_0017,cvdp_copilot_interrupt_controller_0017:input.prompt,True,False,False,False,False,False,False,False,False,True,False,False,False,False,False,False,False,False,False,False,False,"('harness contains finite cycle/event-driven checks',)"
cvdp_copilot_interrupt_controller_0019,cvdp_copilot_interrupt_controller_0019:input.prompt,True,False,True,False,False,False,True,False,False,True,False,False,False,False,False,False,True,False,False,False,True,"('bounded temporal contract: …cycle to indicate immediate readiness. - This design assumes no wait states (single-cycle access). 3. **Invalid Address Handling**: - If `paddr` does not correspond…', 'harness contains finite cycle/event-driven checks')"
cvdp_copilot_ir_receiver_0001,cvdp_copilot_ir_receiver_0001:input.prompt,True,False,False,False,False,False,False,False,False,True,False,False,False,False,False,False,False,False,False,False,False,"('harness contains finite cycle/event-driven checks',)"
cvdp_copilot_ir_receiver_0005,cvdp_copilot_ir_receiver_0005:input.prompt,True,False,False,False,False,False,False,False,False,True,False,False,False,False,False,False,False,False,False,False,False,"('harness contains finite cycle/event-driven checks',)"
cvdp_copilot_kogge_stone_adder_0007,cvdp_copilot_kogge_stone_adder_0007:input.prompt,True,False,False,False,False,False,False,False,False,True,False,False,False,False,False,False,False,False,False,False,False,"('harness contains finite cycle/event-driven checks',)"
cvdp_copilot_lfsr_0007,cvdp_copilot_lfsr_0007:input.prompt,True,False,False,False,False,False,False,False,False,True,False,False,False,False,False,False,False,False,False,False,False,"('harness contains finite cycle/event-driven checks',)"
cvdp_copilot_line_buffer_0003,cvdp_copilot_line_buffer_0003:input.prompt,True,False,False,False,False,False,False,False,False,True,False,False,False,False,False,False,False,False,False,False,False,"('harness contains finite cycle/event-driven checks',)"
cvdp_copilot_load_store_unit_0001,cvdp_copilot_load_store_unit_0001:input.prompt,True,False,True,False,False,False,True,False,False,True,False,False,False,False,False,False,True,False,False,False,True,"('bounded temporal contract: …if_ready_o` to indicate that it is handling an outstanding transaction with a **one-cycle latency** after the execute unit request is received. Note: If both `ex_if_req_…', 'harness contains finite cycle/event-driven checks')"
cvdp_copilot_load_store_unit_0003,cvdp_copilot_load_store_unit_0003:input.prompt,True,False,False,False,False,False,False,False,False,True,False,False,False,False,False,False,False,False,False,False,False,"('harness contains finite cycle/event-driven checks',)"
cvdp_copilot_load_store_unit_0009,cvdp_copilot_load_store_unit_0009:input.prompt,True,False,False,False,False,False,False,False,False,True,False,False,False,False,False,False,False,False,False,False,False,"('harness contains finite cycle/event-driven checks',)"
cvdp_copilot_manchester_enc_0005,cvdp_copilot_manchester_enc_0005:input.prompt,True,False,False,False,False,False,False,False,False,True,False,False,False,False,False,False,False,False,False,False,False,"('harness contains finite cycle/event-driven checks',)"
cvdp_copilot_manchester_enc_0013,cvdp_copilot_manchester_enc_0013:input.prompt,True,False,False,False,False,False,False,False,False,True,False,False,False,True,False,False,False,False,False,False,True,"('synthesis scoring: …- Simulate # ---------------------------------------- def synth(): cmd = ""yosys -s /code/scripts/synth.tcl -l /code/rundir/synth.log"" return subprocess.run…', 'harness contains finite cycle/event-driven checks')"
cvdp_copilot_matrix_multiplier_0001,cvdp_copilot_matrix_multiplier_0001:input.prompt,True,False,False,False,False,False,False,False,False,True,False,False,False,False,False,False,False,False,False,False,False,"('harness contains finite cycle/event-driven checks',)"
cvdp_copilot_matrix_multiplier_0007,cvdp_copilot_matrix_multiplier_0007:input.prompt,True,False,True,False,False,False,True,False,False,True,False,False,False,False,False,False,True,False,False,False,True,"('bounded temporal contract: …**Constraints:** - **Input Control:** New inputs will only be applied from the next cycle following the assertion of `valid_out`, signaling that the module is ready for…', 'harness contains finite cycle/event-driven checks')"
cvdp_copilot_matrix_multiplier_0010,cvdp_copilot_matrix_multiplier_0010:input.prompt,True,False,True,False,False,False,True,False,False,True,False,False,False,False,False,False,True,False,False,False,True,"('bounded temporal contract: …- In the first cycle, add pairs (4 additions in parallel). - In the next cycle, add the results of the previous additions (2 additions in parallel). -…', 'harness contains finite cycle/event-driven checks')"
cvdp_copilot_mem_allocator_0001,cvdp_copilot_mem_allocator_0001:input.prompt,True,False,True,False,False,False,True,False,False,True,False,False,False,False,False,False,True,False,False,False,True,"('bounded temporal contract: …ng the updated `free_slots_n`. - The `acquire_addr` output is **updated in the next clock cycle**, registering `free_index`, to ensure the address is ready and maintained for…', 'harness contains finite cycle/event-driven checks')"
cvdp_copilot_microcode_sequencer_0001,cvdp_copilot_microcode_sequencer_0001:input.prompt,True,False,False,False,False,False,False,False,False,True,False,False,False,False,False,False,False,False,False,False,False,"('harness contains finite cycle/event-driven checks',)"
cvdp_copilot_modified_booth_mul_0002,cvdp_copilot_modified_booth_mul_0002:input.prompt,True,False,False,False,False,False,False,False,False,True,False,False,False,False,False,False,False,False,False,False,False,"('harness contains finite cycle/event-driven checks',)"
cvdp_copilot_modified_booth_mul_0005,cvdp_copilot_modified_booth_mul_0005:input.prompt,True,False,True,False,False,False,True,False,False,True,False,False,False,False,False,False,True,False,False,False,True,"('bounded temporal contract: …ock cycle, - **Data Latency:** Given that each of the five stages processes in one cycle, the total data latency from input to output is 5 cycles. --- | Count | X…', 'harness contains finite cycle/event-driven checks')"
cvdp_copilot_montgomery_0001,cvdp_copilot_montgomery_0001:input.prompt,True,False,False,False,False,False,False,False,False,True,False,False,False,False,False,False,False,False,False,False,False,"('harness contains finite cycle/event-driven checks',)"
cvdp_copilot_montgomery_0002,cvdp_copilot_montgomery_0002:input.prompt,True,False,True,False,False,False,True,False,False,True,True,False,False,False,False,False,True,False,False,False,True,"('bounded temporal contract: …of **four clock cycles**. However, the result is computed and output one clock cycle before `valid_out` is asserted, causing a mismatch in the expected behavior. --- Fix…', 'harness contains finite cycle/event-driven checks', 'harness contains recognizable reference/scoreboard comparison')"
cvdp_copilot_morse_code_0001,cvdp_copilot_morse_code_0001:input.prompt,True,False,False,False,False,False,False,False,False,True,False,False,False,False,False,False,False,False,False,False,False,"('harness contains finite cycle/event-driven checks',)"
cvdp_copilot_morse_code_0014,cvdp_copilot_morse_code_0014:input.prompt,True,False,False,False,False,False,False,False,False,True,False,False,False,False,False,False,False,False,False,False,False,"('harness contains finite cycle/event-driven checks',)"
cvdp_copilot_moving_average_0001,cvdp_copilot_moving_average_0001:input.prompt,True,False,False,False,False,False,False,False,False,True,False,False,False,False,False,False,False,False,False,False,False,"('harness contains finite cycle/event-driven checks',)"
cvdp_copilot_moving_average_0005,cvdp_copilot_moving_average_0005:input.prompt,True,False,False,False,False,False,False,False,False,True,False,False,False,False,False,False,False,False,False,False,False,"('harness contains finite cycle/event-driven checks',)"
cvdp_copilot_mux_synch_0001,cvdp_copilot_mux_synch_0001:input.prompt,True,False,False,True,False,False,True,False,False,True,False,True,False,False,False,False,True,False,False,True,True,"('persistence temporal contract: …is used to sample the data on the bus in the destination domain. The data must remain stable until it is sampled in the destination clock domain. Design a Mux Synchronizer that s…', 'synthesis contract: …specifications, complete the following Verilog template. Ensure correctness and synthesizability. ```verilog module mux_synch ( input [7:0] data_in, //asynchronous da…', 'harness contains finite cycle/event-driven checks')"
cvdp_copilot_mux_synch_0011,cvdp_copilot_mux_synch_0011:input.prompt,True,False,False,True,False,False,True,False,False,True,False,False,False,False,False,False,True,False,False,False,True,"('persistence temporal contract: …is used to sample the data on the bus in the destination domain. The data must remain stable until it is sampled in the destination clock domain. and once the data is sampled in…', 'harness contains finite cycle/event-driven checks')"
cvdp_copilot_nbit_swizzling_0001,cvdp_copilot_nbit_swizzling_0001:input.prompt,True,False,False,False,False,False,False,False,False,True,False,False,False,False,False,False,False,False,False,False,False,"('harness contains finite cycle/event-driven checks',)"
cvdp_copilot_nbit_swizzling_0014,cvdp_copilot_nbit_swizzling_0014:input.prompt,True,False,False,False,False,False,False,False,False,True,False,False,False,False,False,False,False,False,False,False,False,"('harness contains finite cycle/event-driven checks',)"
cvdp_copilot_nbit_swizzling_0020,cvdp_copilot_nbit_swizzling_0020:input.prompt,True,False,False,False,False,False,False,False,False,True,False,False,False,False,False,False,False,False,False,False,False,"('harness contains finite cycle/event-driven checks',)"
cvdp_copilot_neuromorphic_array_0001,cvdp_copilot_neuromorphic_array_0001:input.prompt,True,False,False,False,False,False,False,False,False,True,False,False,False,False,False,False,False,False,False,False,False,"('harness contains finite cycle/event-driven checks',)"
cvdp_copilot_one_hot_address_0001,cvdp_copilot_one_hot_address_0001:input.prompt,True,False,False,False,False,False,False,False,False,True,False,False,False,False,False,False,False,False,False,False,False,"('harness contains finite cycle/event-driven checks',)"
cvdp_copilot_packet_controller_0001,cvdp_copilot_packet_controller_0001:input.prompt,True,False,False,False,False,False,False,False,False,True,False,False,False,False,False,False,False,False,False,False,False,"('harness contains finite cycle/event-driven checks',)"
cvdp_copilot_palindrome_3b_0002,cvdp_copilot_palindrome_3b_0002:input.prompt,True,False,False,False,False,False,False,False,False,True,False,True,False,False,False,False,False,False,False,True,True,"('synthesis contract: …g stream. The length of the palindrome should be 3. Your design should be fully synthesizable. ## Port list: ### Parameter: - N: Determines the width of the Palindrome. For…', 'harness contains finite cycle/event-driven checks')"
cvdp_copilot_password_generator_0001,cvdp_copilot_password_generator_0001:input.prompt,True,False,False,False,False,False,False,False,False,True,False,False,False,False,False,False,False,False,False,False,False,"('harness contains finite cycle/event-driven checks',)"
cvdp_copilot_perceptron_0001,cvdp_copilot_perceptron_0001:input.prompt,True,False,False,False,False,False,False,False,False,False,False,False,False,False,False,False,False,False,False,False,False,()
cvdp_copilot_perceptron_0006,cvdp_copilot_perceptron_0006:input.prompt,True,False,False,False,False,False,False,False,False,True,False,False,False,False,False,False,False,False,False,False,False,"('harness contains finite cycle/event-driven checks',)"
cvdp_copilot_perceptron_0013,cvdp_copilot_perceptron_0013:input.prompt,True,False,False,False,False,False,False,False,False,True,False,False,False,False,False,False,False,False,False,False,False,"('harness contains finite cycle/event-driven checks',)"
cvdp_copilot_perf_counters_0001,cvdp_copilot_perf_counters_0001:input.prompt,True,False,True,False,False,False,True,False,False,True,False,False,False,False,False,False,True,False,False,False,True,"('bounded temporal contract: …in zero. - Once the software reads the value, the counter resets to zero in the next cycle. - The counter and the software read are independent and have no protocol depen…', 'harness contains finite cycle/event-driven checks')"
cvdp_copilot_perfect_squares_0001,cvdp_copilot_perfect_squares_0001:input.prompt,True,False,False,False,False,False,False,False,False,True,False,False,False,False,False,False,False,False,False,False,False,"('harness contains finite cycle/event-driven checks',)"
cvdp_copilot_ping_pong_buffer_0001,cvdp_copilot_ping_pong_buffer_0001:input.prompt,True,False,False,False,False,False,False,False,False,True,False,False,False,False,False,False,False,False,False,False,False,"('harness contains finite cycle/event-driven checks',)"
cvdp_copilot_pipeline_mac_0017,cvdp_copilot_pipeline_mac_0017:input.prompt,True,False,True,False,False,False,True,False,False,True,False,False,False,False,False,False,True,False,False,False,True,"('bounded temporal contract: …s 1 clock cycle, followed by accumulation in the second stage, which also takes 1 cycle. After `N` valid inputs, the final accumulated result is output for one clock c…', 'harness contains finite cycle/event-driven checks')"
cvdp_copilot_piso_0001,cvdp_copilot_piso_0001:input.prompt,True,False,False,False,False,False,False,False,False,True,False,False,False,False,False,False,False,False,False,False,False,"('harness contains finite cycle/event-driven checks',)"
cvdp_copilot_pkt_detector_0001,cvdp_copilot_pkt_detector_0001:input.prompt,True,False,False,False,False,False,False,False,False,True,False,False,False,False,False,False,False,False,False,False,False,"('harness contains finite cycle/event-driven checks',)"
cvdp_copilot_prbs_gen_0003,cvdp_copilot_prbs_gen_0003:input.prompt,True,False,True,False,False,False,True,False,False,True,False,False,False,False,False,False,True,False,False,False,True,"('bounded temporal contract: …umptions:** - In Generator mode, the PRBS data will be generated at every clock cycle after the reset is deasserted. - In Checker mode, data_in should be available and upd…', 'harness contains finite cycle/event-driven checks')"
cvdp_copilot_prim_max_0001,cvdp_copilot_prim_max_0001:input.prompt,True,False,False,False,False,False,False,False,False,True,False,False,False,False,False,False,False,False,False,False,False,"('harness contains finite cycle/event-driven checks',)"
cvdp_copilot_radix2_div_0001,cvdp_copilot_radix2_div_0001:input.prompt,True,False,False,False,False,False,False,False,False,True,False,False,False,False,False,False,False,False,False,False,False,"('harness contains finite cycle/event-driven checks',)"
cvdp_copilot_reed_solomon_encoder_and_decoder_0005,cvdp_copilot_reed_solomon_encoder_and_decoder_0005:input.prompt,True,False,False,False,False,False,False,False,False,True,False,False,False,False,False,False,False,False,False,False,False,"('harness contains finite cycle/event-driven checks',)"
cvdp_copilot_register_file_2R1W_0006,cvdp_copilot_register_file_2R1W_0006:input.prompt,True,False,False,False,False,False,False,False,False,True,False,False,False,False,False,False,False,False,False,False,False,"('harness contains finite cycle/event-driven checks',)"
cvdp_copilot_register_file_2R1W_0013,cvdp_copilot_register_file_2R1W_0013:input.prompt,True,False,False,False,False,False,False,False,False,True,False,False,False,False,False,False,False,False,False,False,False,"('harness contains finite cycle/event-driven checks',)"
cvdp_copilot_restoring_division_0001,cvdp_copilot_restoring_division_0001:input.prompt,True,False,False,False,False,False,False,False,False,True,False,False,False,False,False,False,False,False,False,False,False,"('harness contains finite cycle/event-driven checks',)"
cvdp_copilot_reverse_bits_0001,cvdp_copilot_reverse_bits_0001:input.prompt,True,False,False,False,False,False,False,False,False,True,False,True,False,False,False,False,False,False,False,True,True,"('synthesis contract: …ven as input. ## Implementation Guidelines - The module must be implemented in synthesizable Verilog. - The solution should be combinational and free of clocked elements an…', 'harness contains finite cycle/event-driven checks')"
cvdp_copilot_rgb2ycbcr_0001,cvdp_copilot_rgb2ycbcr_0001:input.prompt,True,False,False,False,False,False,False,False,False,True,True,False,False,False,False,False,False,False,False,False,False,"('harness contains finite cycle/event-driven checks', 'harness contains recognizable reference/scoreboard comparison')"
cvdp_copilot_round_robin_arbiter_0005,cvdp_copilot_round_robin_arbiter_0005:input.prompt,True,False,False,False,True,False,True,False,False,True,False,False,False,False,False,False,True,True,False,False,True,"('progress/liveness contract: …enhancements. This includes priority handling, timeout mechanisms, and improved fairness control. --- ## Changes to Functionality ### 1. Introduction of Priority Lev…', 'harness contains finite cycle/event-driven checks')"
cvdp_copilot_rounding_0001,cvdp_copilot_rounding_0001:input.prompt,True,False,False,False,False,False,False,False,False,True,False,True,False,False,False,False,False,False,False,True,True,"('synthesis contract: …ic for rounding modes. 2. Provide proper tie-breaking for `RNE` mode. 3. Ensure synthesizability (no initial blocks, latches, etc.).', 'harness contains finite cycle/event-driven checks')"
cvdp_copilot_rs_232_0001,cvdp_copilot_rs_232_0001:input.prompt,True,False,False,False,False,False,False,False,False,True,False,False,False,False,False,False,False,False,False,False,False,"('harness contains finite cycle/event-driven checks',)"
cvdp_copilot_run_length_0001,cvdp_copilot_run_length_0001:input.prompt,True,False,False,False,False,False,False,False,False,True,False,False,False,False,False,False,False,False,False,False,False,"('harness contains finite cycle/event-driven checks',)"
cvdp_copilot_run_length_0007,cvdp_copilot_run_length_0007:input.prompt,True,False,False,False,False,False,False,False,False,True,False,False,False,False,False,False,False,False,False,False,False,"('harness contains finite cycle/event-driven checks',)"
cvdp_copilot_scrambler_0001,cvdp_copilot_scrambler_0001:input.prompt,True,False,False,False,False,False,False,False,False,True,False,False,False,False,False,False,False,False,False,False,False,"('harness contains finite cycle/event-driven checks',)"
cvdp_copilot_scrambler_0009,cvdp_copilot_scrambler_0009:input.prompt,True,False,False,True,False,False,True,False,False,True,False,False,False,False,False,False,True,False,False,False,True,"('persistence temporal contract: …- The `in_data` is registered if `i_valid` is asserted. - `i_valid` must remain high until all **4 internal registers** are filled. 2. The delay from registering the fou…', 'harness contains finite cycle/event-driven checks')"
cvdp_copilot_scrambler_0018,cvdp_copilot_scrambler_0018:input.prompt,True,False,False,False,False,False,False,False,False,True,False,False,False,True,False,False,False,False,False,False,True,"('synthesis scoring: …- Simulate # ---------------------------------------- def synth(): cmd = ""yosys -s /code/scripts/synth.tcl -l /code/rundir/synth.log"" return subprocess.run…', 'harness contains finite cycle/event-driven checks')"
cvdp_copilot_scrambler_0024,cvdp_copilot_scrambler_0024:input.prompt,True,True,False,False,False,False,False,False,False,True,False,True,True,True,False,False,False,False,True,False,True,"('synthesis contract: The module **intra_block.sv** contains only combinational logic. Perform an **area optimization** by focusing on modifying the combinational logic components. Ensure that: -…', 'equivalence contract: …combinational logic components. Ensure that: - The optimized design retains **functional equivalence** with the original module. - The interface module should remain the same. - Th…', 'synthesis scoring: …- Simulate # ---------------------------------------- def synth(): cmd = ""yosys -s /src/synth.tcl -l /code/rundir/synth.log"" return subprocess.run(cmd, she…', 'public reference RTL is present', 'harness contains finite cycle/event-driven checks')"
cvdp_copilot_sdram_controller_0001,cvdp_copilot_sdram_controller_0001:input.prompt,True,False,True,False,False,False,True,False,False,True,False,True,False,False,False,False,True,False,False,True,True,"('bounded temporal contract: …, the controller monitors for read or write requests. If no request is received within 1024 clock cycles, an auto-refresh operation is initiated to maintain SDRAM data integrity. The…', 'synthesis contract: …specifications, complete the following Verilog template. Ensure correctness and synthesizability. ```verilog module sdram_controller (clk,reset,addr,data_in,data_out,read,wr…', 'harness contains finite cycle/event-driven checks')"
cvdp_copilot_secure_ALU_0001,cvdp_copilot_secure_ALU_0001:input.prompt,True,False,False,False,False,False,False,False,False,True,False,False,False,False,False,False,False,False,False,False,False,"('harness contains finite cycle/event-driven checks',)"
cvdp_copilot_secure_read_write_bus_0001,cvdp_copilot_secure_read_write_bus_0001:input.prompt,True,False,False,False,False,False,False,False,False,True,False,False,False,False,False,False,False,False,False,False,False,"('harness contains finite cycle/event-driven checks',)"
cvdp_copilot_secure_read_write_register_bank_0001,cvdp_copilot_secure_read_write_register_bank_0001:input.prompt,True,False,False,False,False,False,False,False,False,True,False,False,False,False,False,False,False,False,False,False,False,"('harness contains finite cycle/event-driven checks',)"
cvdp_copilot_secure_variable_timer_0001,cvdp_copilot_secure_variable_timer_0001:input.prompt,True,False,True,False,False,False,True,False,False,True,False,False,False,False,False,False,True,False,False,False,True,"('bounded temporal contract: …+ 1) * 1000) clock cycles: - Example: If `delay = 0`, the timer counts for 1000 cycles; if `delay = 5`, the timer counts for 6000 cycles. - During this phase:…', 'harness contains finite cycle/event-driven checks')"
cvdp_copilot_sequencial_binary_to_one_hot_decoder_0001,cvdp_copilot_sequencial_binary_to_one_hot_decoder_0001:input.prompt,True,False,False,False,False,False,False,False,False,True,False,False,False,False,False,False,False,False,False,False,False,"('harness contains finite cycle/event-driven checks',)"
cvdp_copilot_serial_in_parallel_out_0004,cvdp_copilot_serial_in_parallel_out_0004:input.prompt,True,False,False,False,False,False,False,False,False,True,False,False,False,False,False,False,False,False,False,False,False,"('harness contains finite cycle/event-driven checks',)"
cvdp_copilot_serial_in_parallel_out_0011,cvdp_copilot_serial_in_parallel_out_0011:input.prompt,True,False,False,False,False,False,False,False,False,True,False,False,False,False,False,False,False,False,False,False,False,"('harness contains finite cycle/event-driven checks',)"
cvdp_copilot_serial_in_parallel_out_0014,cvdp_copilot_serial_in_parallel_out_0014:input.prompt,True,False,False,False,False,False,False,False,False,True,False,False,False,False,False,False,False,False,False,False,False,"('harness contains finite cycle/event-driven checks',)"
cvdp_copilot_set_bit_calculator_0001,cvdp_copilot_set_bit_calculator_0001:input.prompt,True,False,False,False,False,False,False,False,False,True,False,False,False,False,False,False,False,False,False,False,False,"('harness contains finite cycle/event-driven checks',)"
cvdp_copilot_sigma_delta_audio_0007,cvdp_copilot_sigma_delta_audio_0007:input.prompt,True,False,False,False,False,False,False,False,False,True,False,False,False,False,False,False,False,False,False,False,False,"('harness contains finite cycle/event-driven checks',)"
cvdp_copilot_signal_correlator_0015,cvdp_copilot_signal_correlator_0015:input.prompt,True,False,False,False,False,False,False,False,False,True,False,False,False,False,False,False,False,False,False,False,False,"('harness contains finite cycle/event-driven checks',)"
cvdp_copilot_signed_adder_0001,cvdp_copilot_signed_adder_0001:input.prompt,True,False,False,False,False,False,False,False,False,True,False,False,False,False,False,False,False,False,False,False,False,"('harness contains finite cycle/event-driven checks',)"
cvdp_copilot_simple_spi_0001,cvdp_copilot_simple_spi_0001:input.prompt,True,False,True,False,False,False,True,False,False,True,False,False,False,False,False,False,True,False,False,False,True,"('bounded temporal contract: …o_bits_left, // Bits left to transmit output reg o_done, // Single-cycle pulse when done or error output reg [1:0] o_fsm_state // FSM state for…', 'harness contains finite cycle/event-driven checks')"
cvdp_copilot_single_number_0001,cvdp_copilot_single_number_0001:input.prompt,True,False,False,False,False,False,False,False,False,True,False,True,False,False,False,False,False,False,False,True,True,"('synthesis contract: …he following Verilog template. Ensure correctness, proper parameterization, and synthesizability. ```verilog module unique_number_identifier #( parameter p_bit_width =…', 'harness contains finite cycle/event-driven checks')"
cvdp_copilot_skid_buffer_0001,cvdp_copilot_skid_buffer_0001:input.prompt,True,False,False,False,False,True,True,False,False,True,False,True,False,False,False,False,True,False,False,True,True,"('protocol/ordering contract: …ternal Functionality:** **Skid Buffer Modules:** Implement data buffering and back pressure handling using a `skid_buffer` module. Each skid buffer should handle ready/val…', 'synthesis contract: …specifications, complete the following Verilog template. Ensure correctness and synthesizability. ```verilog module pipelined_skid_buffer( input wire clock, input wi…', 'harness contains finite cycle/event-driven checks')"
cvdp_copilot_sobel_filter_0011,cvdp_copilot_sobel_filter_0011:input.prompt,True,False,True,False,False,False,True,False,False,True,False,False,False,False,False,False,True,False,False,False,True,"(""bounded temporal contract: …0 ] ``` - **Actual Output:** - `valid_out`: - Asserted high (`1'b1`) after 1 clock cycle of input processing. - Remains high for 9 clock cycles. - `edge_out`:…"", 'harness contains finite cycle/event-driven checks')"
cvdp_copilot_sorter_0001,cvdp_copilot_sorter_0001:input.prompt,True,False,True,False,True,False,True,False,False,True,False,False,False,False,False,False,True,True,False,False,True,"('bounded temporal contract: …l to indicate that the input data is valid and that sorting should begin on the next clock cycle.…', 'progress/liveness contract: …up toward the end of the array, while smaller values move toward the beginning. Eventually, after enough passes, the entire array becomes sorted. For this implementation…', 'harness contains finite cycle/event-driven checks')"
cvdp_copilot_sorter_0003,cvdp_copilot_sorter_0003:input.prompt,True,False,False,False,False,False,False,False,False,True,False,False,False,False,False,False,False,False,False,False,False,"('harness contains finite cycle/event-driven checks',)"
cvdp_copilot_sorter_0009,cvdp_copilot_sorter_0009:input.prompt,True,False,True,False,False,False,True,False,False,True,False,False,False,False,False,False,True,False,False,False,True,"('bounded temporal contract: …l to indicate that the input data is valid and that sorting should begin on the next clock cycle.…', 'harness contains finite cycle/event-driven checks')"
cvdp_copilot_sorter_0031,cvdp_copilot_sorter_0031:input.prompt,True,False,True,False,True,False,True,False,False,True,False,False,False,False,False,False,True,True,False,False,True,"('bounded temporal contract: …l to indicate that the input data is valid and that sorting should begin on the next clock cycle.…', 'progress/liveness contract: …rsing the input array from the end preserves the order of equal elements, which eventually makes this sorting algorithm stable. Update as below: - out_array[ count_…', 'harness contains finite cycle/event-driven checks')"
cvdp_copilot_sorter_0051,cvdp_copilot_sorter_0051:input.prompt,True,True,False,False,True,False,True,False,False,True,False,True,True,True,False,False,True,True,True,False,True,"('progress/liveness contract: …up toward the end of the array, while smaller values move toward the beginning. Eventually, after enough passes, the entire array becomes sorted. For this implementation…', 'synthesis contract: …tation perform (N)*(N-1) passes to sort the array of N elements. Perform an **area optimization** by focusing on modifying the combinational logic and sequential logic. Ensure…', 'equivalence contract: …onal logic and sequential logic. Ensure that: - The optimized design retains **functional equivalence** and **latency** as the original module. - The interface module should remain…', 'synthesis scoring: …- Simulate # ---------------------------------------- def synth(): cmd = ""yosys -s /src/synth.tcl -l /code/rundir/synth.log"" return subprocess.run(cmd, she…', 'public reference RTL is present', 'harness contains finite cycle/event-driven checks')"
cvdp_copilot_sorter_0057,cvdp_copilot_sorter_0057:input.prompt,True,True,False,False,False,False,False,False,False,True,False,True,True,True,False,False,False,False,True,False,True,"('synthesis contract: …in stable behavior (equal elements retain their relative order). Perform an **area optimization** and **latency optimization** by focusing on modifying the sequential logic an…', 'equivalence contract: …l logic and combinational logic. Ensure that: - The optimized design retains **functional equivalence**. - The interface module should remain the same. - The modifications lead to a…', 'synthesis scoring: …- Simulate # ---------------------------------------- def synth(): cmd = ""yosys -s /src/synth.tcl -l /code/rundir/synth.log"" return subprocess.run(cmd, she…', 'public reference RTL is present', 'harness contains finite cycle/event-driven checks')"
cvdp_copilot_sorter_0059,cvdp_copilot_sorter_0059:input.prompt,True,True,True,False,False,False,True,False,False,True,False,True,True,True,False,False,True,False,True,False,True,"('bounded temporal contract: …end // If i == N, sorting complete, next cycle moves to DONE end 1: begin…', 'synthesis contract: …1 entries are sorted (""+1"" because the first entry is skipped). Perform an **area optimization** by focusing on modifying the combinational logic and sequential logic. Ensure…', 'equivalence contract: …onal logic and sequential logic. Ensure that: - The optimized design retains **functional equivalence** and **latency** as the original module. - The interface module should remain…', 'synthesis scoring: …- Simulate # ---------------------------------------- def synth(): cmd = ""yosys -s /src/synth.tcl -l /code/rundir/synth.log"" return subprocess.run(cmd, she…', 'public reference RTL is present', 'harness contains finite cycle/event-driven checks')"
cvdp_copilot_sound_generator_0001,cvdp_copilot_sound_generator_0001:input.prompt,True,False,False,False,False,False,False,False,False,True,False,True,False,False,False,False,False,False,False,True,True,"('synthesis contract: …ue. Set the strobe output to 0. ### **Key Constraints:** Ensure the module is synthesized efficiently, minimizing resource usage while adhering to the timing requirement…', 'harness contains finite cycle/event-driven checks')"
cvdp_copilot_sprite_0004,cvdp_copilot_sprite_0004:input.prompt,True,False,True,False,False,False,True,False,False,True,False,False,False,False,False,False,True,False,False,False,True,"('bounded temporal contract: …- `done` goes to `0`. - **Transition**: - Moves to `INIT_WRITE` on the next clock cycle after reset is deasserted. ### 2. **INIT_WRITE** - **Actions**: - Prep…', 'harness contains finite cycle/event-driven checks')"
cvdp_copilot_sprite_0010,cvdp_copilot_sprite_0010:input.prompt,True,False,False,False,False,False,False,False,False,True,False,False,False,False,False,False,False,False,False,False,False,"('harness contains finite cycle/event-driven checks',)"
cvdp_copilot_square_root_0003,cvdp_copilot_square_root_0003:input.prompt,True,False,True,True,False,False,True,False,False,True,False,False,False,False,False,False,True,False,False,False,True,"('bounded temporal contract: …--------| | 4 | Maximum Input | 15 | 3 | 3 | 5 cycles | Includes 3 iterations + 2 cycles for initialization and output assignment…', 'persistence temporal contract: …--- #### **Assumptions** 1. **Input Stability**: - The `num` input must remain stable while the computation is in progress. It will only be updated for the next input afte…', 'harness contains finite cycle/event-driven checks')"
cvdp_copilot_static_branch_predict_0001,cvdp_copilot_static_branch_predict_0001:input.prompt,True,False,False,False,False,False,False,False,False,True,False,False,False,False,False,False,False,False,False,False,False,"('harness contains finite cycle/event-driven checks',)"
cvdp_copilot_static_branch_predict_0009,cvdp_copilot_static_branch_predict_0009:input.prompt,True,False,False,False,False,False,False,False,False,True,False,False,False,False,False,False,False,False,False,False,False,"('harness contains finite cycle/event-driven checks',)"
cvdp_copilot_static_branch_predict_0013,cvdp_copilot_static_branch_predict_0013:input.prompt,True,False,False,False,False,False,False,False,False,True,False,False,False,False,False,False,False,False,False,False,False,"('harness contains finite cycle/event-driven checks',)"
cvdp_copilot_static_branch_predict_0014,cvdp_copilot_static_branch_predict_0014:input.prompt,True,False,False,False,False,False,False,False,False,True,False,False,False,False,False,False,False,False,False,False,False,"('harness contains finite cycle/event-driven checks',)"
cvdp_copilot_strobe_divider_0001,cvdp_copilot_strobe_divider_0001:input.prompt,True,False,True,False,False,True,True,False,False,True,False,False,False,False,False,False,True,False,False,False,True,"('bounded temporal contract: …| | `In_Ratio = 0, In_Valid = 1, Latency_g = 1` | `Out_Valid = 1` delayed by one cycle. | | `Out_Ready = 0` | `Out_Valid` remains high.…', 'protocol/ordering contract: …t proper reset behavior, and ensure that `Out_Valid` behaves as expected during backpressure (`Out_Ready` deasserted). Below are the detailed requirements and partial RTL c…', 'harness contains finite cycle/event-driven checks')"
cvdp_copilot_swizzler_0009,cvdp_copilot_swizzler_0009:input.prompt,True,False,False,False,False,False,False,False,False,True,False,False,False,False,False,False,False,False,False,False,False,"('harness contains finite cycle/event-driven checks',)"
cvdp_copilot_swizzler_0014,cvdp_copilot_swizzler_0014:input.prompt,True,False,False,False,False,False,False,False,False,True,False,False,False,False,False,False,False,False,False,False,False,"('harness contains finite cycle/event-driven checks',)"
cvdp_copilot_sync_lifo_0001,cvdp_copilot_sync_lifo_0001:input.prompt,True,False,False,False,False,False,False,False,False,True,False,False,False,False,False,False,False,False,False,False,False,"('harness contains finite cycle/event-driven checks',)"
cvdp_copilot_sync_lifo_0010,cvdp_copilot_sync_lifo_0010:input.prompt,True,False,False,False,False,False,False,False,False,True,False,False,False,False,False,False,False,False,False,False,False,"('harness contains finite cycle/event-driven checks',)"
cvdp_copilot_sync_serial_communication_0001,cvdp_copilot_sync_serial_communication_0001:input.prompt,True,False,False,False,False,False,False,False,False,True,False,False,False,False,False,False,False,False,False,False,False,"('harness contains finite cycle/event-driven checks',)"
cvdp_copilot_sync_serial_communication_0014,cvdp_copilot_sync_serial_communication_0014:input.prompt,True,False,False,False,False,False,False,False,False,True,False,False,False,False,False,False,False,False,False,False,False,"('harness contains finite cycle/event-driven checks',)"
cvdp_copilot_sync_serial_communication_0052,cvdp_copilot_sync_serial_communication_0052:input.prompt,True,True,True,False,False,False,True,False,False,True,False,True,True,True,False,False,True,False,True,False,True,"('bounded temporal contract: …alid transitions. ### Requirements: **Latency Increase:** Increase latency by 3 cycles to allow for area savings while maintaining performance. **Area Reduction:** T…', 'synthesis contract: …tx_rx` contains both sequential and combinational logic. The goal is to perform area optimization by modifying both the sequential and combinational logic components while retai…', 'equivalence contract: …odifying both the sequential and combinational logic components while retaining functional equivalence with the original module. Perform an area and timing optimization while ensuri…', 'synthesis scoring: …- Simulate # ---------------------------------------- def synth(): cmd = ""yosys -s /src/synth.tcl -l /code/rundir/synth.log"" return subprocess.run(cmd, she…', 'public reference RTL is present', 'harness contains finite cycle/event-driven checks')"
cvdp_copilot_thermostat_0001,cvdp_copilot_thermostat_0001:input.prompt,True,False,False,False,False,False,False,False,False,True,False,False,False,False,False,False,False,False,False,False,False,"('harness contains finite cycle/event-driven checks',)"
cvdp_copilot_ttc_lite_0001,cvdp_copilot_ttc_lite_0001:input.prompt,True,False,False,False,False,False,False,False,False,True,False,False,False,False,False,False,False,False,False,False,False,"('harness contains finite cycle/event-driven checks',)"
cvdp_copilot_unpacker_one_hot_0001,cvdp_copilot_unpacker_one_hot_0001:input.prompt,True,False,False,False,False,False,False,False,False,True,False,False,False,False,False,False,False,False,False,False,False,"('harness contains finite cycle/event-driven checks',)"
cvdp_copilot_vending_machine_0001,cvdp_copilot_vending_machine_0001:input.prompt,True,False,True,False,False,False,True,False,False,True,False,False,False,False,False,False,True,False,False,False,True,"('bounded temporal contract: …ed coins meet or exceed `item_price`, the machine sets `dispense_item` high for one cycle, signaling that the item will be dispensed. - If excess coins were inserted,…', 'harness contains finite cycle/event-driven checks')"
cvdp_copilot_vga_controller_0001,cvdp_copilot_vga_controller_0001:input.prompt,True,False,True,False,False,False,True,False,False,True,False,False,False,False,False,False,True,False,False,False,True,"('bounded temporal contract: …IGH). - Step 3: `hsync` remains HIGH while displaying 640 pixels across one row(640 cycles) - Step 4: For each of the 640 clock cycles, the voltages on the `red`, `green`…', 'harness contains finite cycle/event-driven checks')"
cvdp_copilot_vga_controller_0006,cvdp_copilot_vga_controller_0006:input.prompt,True,False,True,False,False,False,True,False,False,True,False,False,False,False,False,False,True,False,False,False,True,"('bounded temporal contract: …ing `H_BACK-1`. Transition to `H_ACTIVE_STATE` and set `line_done` = `HIGH` for one cycle. **2. Complete the Vertical State Machine (`v_state`)**: - `V_ACTIVE_STATE`:…', 'harness contains finite cycle/event-driven checks')"
cvdp_copilot_vga_controller_0026,cvdp_copilot_vga_controller_0026:input.prompt,True,True,True,False,False,False,True,False,False,True,False,True,True,True,False,False,True,False,True,False,True,"('bounded temporal contract: …l equivalence with the original module. - The design latency remains unchanged (1 cycle). - The modifications result in a measurable reduction in area, specifically in…', 'synthesis contract: The module `vga_controller.sv` contains sequential logic. Perform an **area optimization** by focusing on modifying the sequential logic components. Ensure that: - The…', 'equivalence contract: …e sequential logic components. Ensure that: - The optimized design retains full functional equivalence with the original module. - The design latency remains unchanged (1 cycle). - T…', 'synthesis scoring: …- Simulate # ---------------------------------------- def synth(): cmd = ""yosys -s /src/synth.tcl -l /code/rundir/synth.log"" return subprocess.run(cmd, she…', 'public reference RTL is present', 'harness contains finite cycle/event-driven checks')"
cvdp_copilot_virtual2physical_tlb_0001,cvdp_copilot_virtual2physical_tlb_0001:input.prompt,True,False,False,False,False,False,False,False,False,True,False,False,False,False,False,False,False,False,False,False,False,"('harness contains finite cycle/event-driven checks',)"
cvdp_copilot_wb2ahb_0001,cvdp_copilot_wb2ahb_0001:input.prompt,True,False,False,False,False,False,False,False,False,True,False,False,False,False,False,False,False,False,False,False,False,"('harness contains finite cycle/event-driven checks',)"
cvdp_copilot_word_change_detector_0001,cvdp_copilot_word_change_detector_0001:input.prompt,True,False,True,False,False,False,True,False,False,True,False,False,False,False,False,False,True,False,False,False,True,"('bounded temporal contract: …es pulses for the following: - A word-level pulse (word_change_pulse) one clock cycle after any change is detected in data_in. - A pattern match pulse (pattern_match_pulse…', 'harness contains finite cycle/event-driven checks')"
cvdp_copilot_word_reducer_0001,cvdp_copilot_word_reducer_0001:input.prompt,True,False,False,False,False,False,False,False,False,True,False,False,False,False,False,False,False,False,False,False,False,"('harness contains finite cycle/event-driven checks',)"
cvdp_copilot_word_reducer_0008,cvdp_copilot_word_reducer_0008:input.prompt,True,False,False,False,False,False,False,False,False,True,False,False,False,False,False,False,False,False,False,False,False,"('harness contains finite cycle/event-driven checks',)"
cvdp_copilot_write_buffer_merge_0001,cvdp_copilot_write_buffer_merge_0001:input.prompt,True,False,True,False,False,False,True,False,False,True,False,True,False,False,False,False,True,False,False,True,True,"('bounded temporal contract: …If `merged_data` holds `DATA1`, and `wr_data_in` provides `DATA2` on the next clock cycle, the updated `merged_data` should become `{DATA2, DATA1}`. ### Output Logic fo…', 'synthesis contract: …and base address logic, are already defined in the partial code. 3. Ensure the synthesizability and correctness of the module. ``` module write_buffer_merge #( parameter IN…', 'harness contains finite cycle/event-driven checks')"
cvdp_copilot_write_through_data_direct_mapped_cache_0012,cvdp_copilot_write_through_data_direct_mapped_cache_0012:input.prompt,True,False,False,False,False,False,False,False,False,True,False,False,False,False,False,False,False,False,False,False,False,"('harness contains finite cycle/event-driven checks',)"
